path,folder,label,runner_up,mean_L,mean_C,mean_hue,chromatic_mass,dark_ratio,light_ratio,cluster_areas,cluster_chromas
/home/realdhiru/Pictures/Wallpapers/dark/2e2xyx-1.jpg,dark,monochrome,none,0.2797,0.0252,359.91,0.1372,0.4948,0.0174,0.323;0.513;0.131;0.032,0.018;0.018;0.020;0.049
/home/realdhiru/Pictures/Wallpapers/dark/89-khj-ab.jpg,dark,monochrome,none,0.4382,0.0038,261.67,0.0000,0.0000,0.1059,0.138;0.180;0.489;0.193,0.003;0.004;0.004;0.003
/home/realdhiru/Pictures/Wallpapers/dark/a-black-and-white-picture-of-mountains-and-trees.png,dark,dark,none,0.1836,0.0000,89.88,0.0000,0.7582,0.0534,0.349;0.130;0.067;0.454,0.000;0.000;0.000;0.000
/home/realdhiru/Pictures/Wallpapers/dark/a-city-at-night-with-lights.jpg,dark,dark,none,0.2186,0.0047,263.70,0.0000,0.5503,0.0000,0.467;0.234;0.031;0.269,0.004;0.007;0.004;0.004
/home/realdhiru/Pictures/Wallpapers/dark/a-path-in-a-forest.png,dark,monochrome,none,0.3206,0.0117,215.59,0.0000,0.0000,0.0000,0.582;0.148;0.029;0.242,0.012;0.010;0.010;0.010
/home/realdhiru/Pictures/Wallpapers/dark/aedrian-salazar-nature-leaves.jpg,dark,dark,none,0.2313,0.0312,112.15,0.2899,0.6146,0.0000,0.326;0.233;0.329;0.113,0.015;0.045;0.027;0.062
/home/realdhiru/Pictures/Wallpapers/dark/anime-girl-headphones.png,dark,monochrome,none,0.3943,0.0000,89.88,0.0000,0.0460,0.0208,0.171;0.390;0.344;0.095,0.000;0.000;0.000;0.000
/home/realdhiru/Pictures/Wallpapers/dark/arcade-decay-red-pixel.png,dark,dark,none,0.2724,0.0182,284.80,0.0686,0.6033,0.0022,0.187;0.064;0.105;0.644,0.010;0.033;0.013;0.012
/home/realdhiru/Pictures/Wallpapers/dark/ascii-creation-of-adam.png,dark,dark,none,0.0702,0.0000,89.88,0.0000,0.8494,0.0000,0.087;0.752;0.097;0.064,0.000;0.000;0.000;0.000
/home/realdhiru/Pictures/Wallpapers/dark/aurora-borealis-fjord.png,dark,dark,none,0.2709,0.0405,171.16,0.3255,0.5421,0.0082,0.306;0.097;0.537;0.060,0.035;0.089;0.016;0.132
/home/realdhiru/Pictures/Wallpapers/dark/basement-1.jpg,dark,dark,none,0.2705,0.0240,284.79,0.0004,0.5681,0.0043,0.630;0.109;0.039;0.221,0.023;0.027;0.018;0.025
/home/realdhiru/Pictures/Wallpapers/dark/black-black-background-dark-background-1.png,dark,dark,none,0.0078,0.0004,73.25,0.0000,0.9831,0.0000,0.977;0.008;0.010;0.005,0.000;0.020;0.009;0.029
/home/realdhiru/Pictures/Wallpapers/dark/black-black-background-dark-background.png,dark,dark,none,0.0030,0.0012,29.23,0.0152,0.9965,0.0000,0.985;0.007;0.003;0.004,0.000;0.077;0.115;0.054
/home/realdhiru/Pictures/Wallpapers/dark/black-black-background-minimalism.png,dark,dark,none,0.0249,0.0024,109.93,0.0000,0.9883,0.0000,0.769;0.042;0.181;0.007,0.000;0.000;0.013;0.002
/home/realdhiru/Pictures/Wallpapers/dark/black-cat-autumn-leaves.png,dark,dark,none,0.2434,0.0307,285.57,0.1254,0.5898,0.0000,0.131;0.466;0.323;0.080,0.038;0.025;0.031;0.049
/home/realdhiru/Pictures/Wallpapers/dark/black-damask-floral-pattern.jpg,dark,dark,none,0.1420,0.0000,89.88,0.0000,0.9787,0.0000,0.418;0.201;0.313;0.069,0.000;0.000;0.000;0.000
/home/realdhiru/Pictures/Wallpapers/dark/black-minimalism-ancient-greek-sculpture.png,dark,dark,none,0.0504,0.0000,89.88,0.0000,0.9384,0.0017,0.709;0.033;0.227;0.032,0.000;0.000;0.000;0.000
/home/realdhiru/Pictures/Wallpapers/dark/black-minimalism-anime.png,dark,dark,none,0.0570,0.0000,89.88,0.0000,0.9379,0.0000,0.569;0.039;0.352;0.040,0.000;0.000;0.000;0.000
/home/realdhiru/Pictures/Wallpapers/dark/black-white-minimalism.png,dark,dark,none,0.0255,0.0001,93.89,0.0000,0.9596,0.0082,0.947;0.016;0.015;0.022,0.000;0.001;0.003;0.000
/home/realdhiru/Pictures/Wallpapers/dark/blue-abstract-swirl.png,dark,monochrome,dark,0.2453,0.0125,254.99,0.0000,0.5326,0.0000,0.611;0.292;0.010;0.087,0.012;0.013;0.021;0.016
/home/realdhiru/Pictures/Wallpapers/dark/carbon-fiber-metallic-mesh.jpg,dark,dark,none,0.1856,0.0000,89.88,0.0000,0.7969,0.0000,0.342;0.172;0.261;0.225,0.000;0.000;0.000;0.000
/home/realdhiru/Pictures/Wallpapers/dark/chained-silhouette.png,dark,monochrome,none,0.3040,0.0000,89.88,0.0000,0.0000,0.0043,0.929;0.007;0.055;0.010,0.000;0.000;0.000;0.000
/home/realdhiru/Pictures/Wallpapers/dark/ching-yeh-drawing-character-design-1.jpg,dark,dark,none,0.1673,0.0026,2.55,0.0234,0.9028,0.0035,0.886;0.031;0.003;0.079,0.000;0.012;0.057;0.013
/home/realdhiru/Pictures/Wallpapers/dark/ching-yeh-drawing-character-design-2.jpg,dark,dark,none,0.1390,0.0031,32.23,0.0195,0.9392,0.0000,0.864;0.053;0.014;0.070,0.000;0.021;0.046;0.013
/home/realdhiru/Pictures/Wallpapers/dark/ching-yeh-drawing-character-design-3.jpg,dark,dark,none,0.1688,0.0053,61.43,0.0530,0.8759,0.0013,0.868;0.067;0.009;0.055,0.000;0.024;0.031;0.047
/home/realdhiru/Pictures/Wallpapers/dark/ching-yeh-drawing-character-design-4.jpg,dark,dark,none,0.1388,0.0032,50.26,0.0148,0.8845,0.0000,0.855;0.050;0.057;0.038,0.000;0.021;0.009;0.025
/home/realdhiru/Pictures/Wallpapers/dark/ching-yeh-drawing-character-design-5.jpg,dark,dark,none,0.1817,0.0020,21.36,0.0113,0.8976,0.0000,0.876;0.054;0.018;0.052,0.000;0.003;0.039;0.005
/home/realdhiru/Pictures/Wallpapers/dark/ching-yeh-drawing-character-design.jpg,dark,dark,none,0.2313,0.0205,4.34,0.1884,0.5781,0.0065,0.480;0.225;0.010;0.285,0.006;0.051;0.054;0.017
/home/realdhiru/Pictures/Wallpapers/dark/classical-painting-anime-style.png,dark,dark,none,0.2961,0.0000,89.88,0.0000,0.6354,0.0204,0.117;0.745;0.072;0.066,0.000;0.000;0.000;0.000
/home/realdhiru/Pictures/Wallpapers/dark/cyan-waterdrop-dark-pattern.png,dark,dark,none,0.1937,0.0321,254.07,0.2587,0.9826,0.0000,0.277;0.396;0.010;0.317,0.041;0.022;0.082;0.035
/home/realdhiru/Pictures/Wallpapers/dark/cyber-red-accent-dark-carbon.png,dark,monochrome,none,0.2786,0.0010,25.22,0.0065,0.0009,0.0017,0.994;0.002;0.003;0.001,0.000;0.124;0.169;0.228
/home/realdhiru/Pictures/Wallpapers/dark/cyberpunk-2077-dogtown-cd-projekt-red.png,dark,dark,none,0.2079,0.0277,160.47,0.1988,0.6497,0.0000,0.503;0.053;0.258;0.186,0.021;0.040;0.041;0.021
/home/realdhiru/Pictures/Wallpapers/dark/cyberpunk-lowlight-alley-noir.png,dark,dark,none,0.1598,0.0483,311.70,0.7357,0.8798,0.0048,0.751;0.068;0.035;0.146,0.046;0.043;0.106;0.012
/home/realdhiru/Pictures/Wallpapers/dark/d9-nfnh5.jpg,dark,dark,none,0.1976,0.0000,89.88,0.0000,0.9227,0.0482,0.927;0.042;0.019;0.013,0.000;0.000;0.000;0.000
/home/realdhiru/Pictures/Wallpapers/dark/dark-minimal-girl.jpg,dark,dark,none,0.0758,0.0000,89.88,0.0000,0.8919,0.0508,0.862;0.051;0.063;0.023,0.000;0.000;0.000;0.000
/home/realdhiru/Pictures/Wallpapers/dark/dark-sepia-cozy-minimalist-room.png,dark,dark,none,0.1724,0.0145,256.17,0.0217,0.9054,0.0174,0.702;0.018;0.229;0.050,0.014;0.046;0.005;0.033
/home/realdhiru/Pictures/Wallpapers/dark/dark-synth-twilight-neon-noir.jpg,dark,dark,none,0.1440,0.0132,283.45,0.0512,0.8824,0.0260,0.862;0.044;0.052;0.042,0.009;0.038;0.022;0.040
/home/realdhiru/Pictures/Wallpapers/dark/desert-trailer-dusk.png,dark,monochrome,none,0.3300,0.0080,221.87,0.0095,0.3615,0.0000,0.428;0.307;0.113;0.152,0.001;0.000;0.013;0.006
/home/realdhiru/Pictures/Wallpapers/dark/desk-study-evening-light.png,dark,dark,none,0.2585,0.0147,252.68,0.0091,0.6367,0.0043,0.664;0.106;0.031;0.199,0.012;0.021;0.016;0.016
/home/realdhiru/Pictures/Wallpapers/dark/dotted-creation-of-adam-hands.jpg,dark,dark,none,0.0370,0.0000,89.88,0.0000,0.9319,0.0000,0.826;0.043;0.060;0.071,0.000;0.000;0.000;0.000
/home/realdhiru/Pictures/Wallpapers/dark/evangelion-rei-ayanami.png,dark,dark,none,0.1082,0.0000,89.88,0.0000,0.8281,0.0004,0.661;0.089;0.078;0.172,0.000;0.000;0.000;0.000
/home/realdhiru/Pictures/Wallpapers/dark/evangelion-unit-01.jpg,dark,monochrome,none,0.3669,0.0000,89.88,0.0000,0.1736,0.0000,0.330;0.163;0.185;0.322,0.000;0.000;0.000;0.000
/home/realdhiru/Pictures/Wallpapers/dark/evangelion-unit-02.jpg,dark,dark,none,0.2011,0.0000,89.88,0.0000,0.8911,0.0000,0.256;0.023;0.646;0.076,0.000;0.000;0.000;0.000
/home/realdhiru/Pictures/Wallpapers/dark/gdn-ur-eh.jpg,dark,dark,none,0.2276,0.0000,196.18,0.0000,0.8238,0.0286,0.105;0.030;0.826;0.039,0.000;0.000;0.000;0.000
/home/realdhiru/Pictures/Wallpapers/dark/golden-autumn-tree.jpg,dark,monochrome,none,0.4150,0.0000,89.88,0.0000,0.2539,0.1285,0.490;0.168;0.122;0.220,0.000;0.000;0.000;0.000
/home/realdhiru/Pictures/Wallpapers/dark/gruvbox-dark-retro-pattern.png,dark,monochrome,none,0.2845,0.0006,152.75,0.0035,0.0000,0.0052,0.967;0.004;0.020;0.008,0.000;0.033;0.006;0.037
/home/realdhiru/Pictures/Wallpapers/dark/gruvbox-dev-setup.png,dark,monochrome,none,0.2901,0.0013,88.96,0.0122,0.0000,0.0109,0.968;0.010;0.013;0.010,0.000;0.037;0.020;0.054
/home/realdhiru/Pictures/Wallpapers/dark/hack-the-box-isometric-room.jpg,dark,dark,none,0.2507,0.0247,86.41,0.1532,0.5091,0.0000,0.399;0.204;0.335;0.061,0.005;0.038;0.020;0.094
/home/realdhiru/Pictures/Wallpapers/dark/hello-world-pixel-art.png,dark,dark,none,0.0084,0.0002,229.23,0.0000,0.9831,0.0000,0.976;0.006;0.011;0.007,0.000;0.012;0.005;0.015
/home/realdhiru/Pictures/Wallpapers/dark/hollow-knight-silksong-wallpaper-high-resolution.jpg,dark,dark,none,0.1832,0.0254,269.42,0.0000,0.9523,0.0069,0.955;0.017;0.021;0.007,0.026;0.001;0.013;0.012
/home/realdhiru/Pictures/Wallpapers/dark/human-form-minimal-sketch.png,dark,dark,none,0.0452,0.0003,35.24,0.0000,0.9349,0.0035,0.151;0.061;0.766;0.021,0.000;0.000;0.000;0.000
/home/realdhiru/Pictures/Wallpapers/dark/linux-minimalism-black-background.png,dark,dark,none,0.0037,0.0011,345.17,0.0126,0.9909,0.0000,0.984;0.007;0.004;0.005,0.000;0.092;0.038;0.018
/home/realdhiru/Pictures/Wallpapers/dark/linux-terminal-cheat-sheet.png,dark,dark,none,0.2283,0.0084,238.54,0.0126,0.8668,0.0000,0.869;0.042;0.079;0.010,0.006;0.027;0.013;0.004
/home/realdhiru/Pictures/Wallpapers/dark/lockdead-skull-vector.png,dark,dark,none,0.1519,0.0000,89.88,0.0000,1.0000,0.0000,0.918;0.042;0.013;0.028,0.000;0.000;0.000;0.000
/home/realdhiru/Pictures/Wallpapers/dark/micha-mierzejewski-sea-dawn.png,dark,dark,none,0.2688,0.0342,3.90,0.1771,0.5833,0.0000,0.653;0.072;0.094;0.181,0.018;0.144;0.063;0.022
/home/realdhiru/Pictures/Wallpapers/dark/midnight-navy-shadow-minimal.png,dark,dark,none,0.1654,0.0155,275.43,0.0356,0.9175,0.0000,0.756;0.067;0.106;0.071,0.011;0.030;0.024;0.037
/home/realdhiru/Pictures/Wallpapers/dark/minimal-hands-reaching.png,dark,dark,none,0.1372,0.0086,85.97,0.0000,0.9306,0.0082,0.926;0.027;0.036;0.011,0.009;0.005;0.004;0.003
/home/realdhiru/Pictures/Wallpapers/dark/minimal-workspace-tabs.jpg,dark,dark,none,0.3063,0.0158,352.39,0.1276,0.6354,0.0434,0.675;0.122;0.054;0.148,0.001;0.088;0.009;0.024
/home/realdhiru/Pictures/Wallpapers/dark/minimalism-clouds-centered.jpg,dark,dark,none,0.0387,0.0025,231.22,0.0273,0.9431,0.0308,0.943;0.028;0.020;0.009,0.000;0.066;0.025;0.004
/home/realdhiru/Pictures/Wallpapers/dark/minimalism-japanese-black.png,dark,dark,none,0.1093,0.0109,340.90,0.0942,0.8281,0.0004,0.174;0.093;0.655;0.078,0.013;0.040;0.000;0.016
/home/realdhiru/Pictures/Wallpapers/dark/modern-coastal-villa.png,dark,dark,none,0.2578,0.0151,234.69,0.0078,0.5104,0.0013,0.286;0.252;0.169;0.294,0.005;0.021;0.021;0.002
/home/realdhiru/Pictures/Wallpapers/dark/mountains-landscape-snow.jpg,dark,monochrome,none,0.3002,0.0158,188.11,0.0256,0.3477,0.0516,0.388;0.059;0.064;0.490,0.014;0.002;0.010;0.012
/home/realdhiru/Pictures/Wallpapers/dark/muun-you-ghost-my-heart.png,dark,monochrome,none,0.3989,0.0145,50.53,0.1680,0.0000,0.1636,0.684;0.198;0.057;0.061,0.004;0.043;0.016;0.030
/home/realdhiru/Pictures/Wallpapers/dark/mystic-tree-twilight.png,dark,dark,none,0.1417,0.0385,31.84,0.3832,0.8963,0.0000,0.325;0.166;0.059;0.450,0.004;0.079;0.160;0.030
/home/realdhiru/Pictures/Wallpapers/dark/mystical-goth-girl.jpg,dark,dark,none,0.2109,0.0000,89.88,0.0000,0.6840,0.0052,0.160;0.617;0.067;0.156,0.000;0.000;0.000;0.000
/home/realdhiru/Pictures/Wallpapers/dark/nasa-worm-logo-minimal.png,dark,monochrome,none,0.2722,0.0006,351.07,0.0052,0.0000,0.0004,0.982;0.003;0.010;0.005,0.000;0.053;0.019;0.043
/home/realdhiru/Pictures/Wallpapers/dark/neural-brain-minimal.jpg,dark,monochrome,none,0.3048,0.0194,273.73,0.0265,0.0000,0.0052,0.765;0.023;0.078;0.133,0.018;0.018;0.014;0.015
/home/realdhiru/Pictures/Wallpapers/dark/night-city-skyscrapers-cyber.png,dark,dark,none,0.2180,0.0152,276.09,0.0339,0.8203,0.0000,0.156;0.024;0.763;0.057,0.012;0.055;0.012;0.031
/home/realdhiru/Pictures/Wallpapers/dark/nixos-hexagons-cyber-dark.png,dark,monochrome,none,0.2462,0.0011,248.70,0.0139,0.2296,0.0000,0.147;0.058;0.009;0.786,0.001;0.000;0.060;0.001
/home/realdhiru/Pictures/Wallpapers/dark/nixos-snowflake-minimal.png,dark,monochrome,none,0.3796,0.0000,89.88,0.0000,0.0000,0.0000,0.443;0.178;0.023;0.356,0.000;0.000;0.000;0.000
/home/realdhiru/Pictures/Wallpapers/dark/oled-true-black-minimal-mesh.png,dark,dark,none,0.1703,0.0059,55.47,0.0586,0.7001,0.0560,0.677;0.121;0.070;0.132,0.000;0.011;0.047;0.005
/home/realdhiru/Pictures/Wallpapers/dark/pixel-pokemon-hoenn-waterfall.jpg,dark,dark,none,0.2707,0.0333,171.60,0.2799,0.5794,0.0009,0.676;0.082;0.190;0.053,0.021;0.060;0.044;0.096
/home/realdhiru/Pictures/Wallpapers/dark/programming-programming-language-developer.png,dark,dark,none,0.1368,0.0008,336.01,0.0078,0.9922,0.0000,0.975;0.006;0.016;0.003,0.000;0.054;0.009;0.038
/home/realdhiru/Pictures/Wallpapers/dark/pure-black-minimal.jpg,dark,dark,none,0.0000,0.0000,0.00,0.0000,1.0000,0.0000,1.000;0.000;0.000;0.000,0.000;0.000;0.000;0.000
/home/realdhiru/Pictures/Wallpapers/dark/rain-world-slugcat-trio.png,dark,dark,none,0.2353,0.0319,311.24,0.3108,0.6671,0.0056,0.578;0.079;0.309;0.034,0.013;0.072;0.051;0.062
/home/realdhiru/Pictures/Wallpapers/dark/rocket-launch-smoke-plume.jpg,dark,dark,none,0.2362,0.0000,89.88,0.0000,0.8876,0.0234,0.858;0.031;0.054;0.057,0.000;0.000;0.000;0.000
/home/realdhiru/Pictures/Wallpapers/dark/samurai-lady-portrait.png,dark,monochrome,none,0.3956,0.0102,81.03,0.0924,0.0000,0.0964,0.764;0.087;0.111;0.038,0.004;0.054;0.013;0.033
/home/realdhiru/Pictures/Wallpapers/dark/shadow-colossus-horseman.png,dark,dark,none,0.1854,0.0000,89.88,0.0000,0.6853,0.0013,0.368;0.256;0.306;0.070,0.000;0.000;0.000;0.000
/home/realdhiru/Pictures/Wallpapers/dark/spiderman-black-suit-crouch.jpg,dark,dark,none,0.1934,0.0000,89.88,0.0000,0.7413,0.0000,0.517;0.164;0.061;0.258,0.000;0.000;0.000;0.000
/home/realdhiru/Pictures/Wallpapers/dark/starlit-night-sky.jpg,dark,dark,none,0.0958,0.0246,284.05,0.1944,0.9102,0.0017,0.344;0.135;0.034;0.488,0.026;0.092;0.047;0.001
/home/realdhiru/Pictures/Wallpapers/dark/tokyo-lantern-night-street.jpg,dark,dark,none,0.1420,0.0103,210.72,0.0095,0.8954,0.0000,0.321;0.219;0.388;0.073,0.008;0.001;0.005;0.012
/home/realdhiru/Pictures/Wallpapers/dark/tokyo-neon-pink-alley.png,dark,dark,none,0.2924,0.0329,298.84,0.2274,0.5629,0.0000,0.157;0.045;0.676;0.122,0.036;0.088;0.022;0.052
/home/realdhiru/Pictures/Wallpapers/dark/wanderer-explore-mountains.jpg,dark,nord,ocean,0.2595,0.0267,255.06,0.0087,0.4640,0.0000,0.324;0.091;0.303;0.282,0.029;0.026;0.019;0.032
/home/realdhiru/Pictures/Wallpapers/dark/windows-11-bloom-dark.jpg,dark,dark,none,0.2499,0.0000,89.88,0.0000,0.6137,0.0660,0.374;0.140;0.327;0.159,0.000;0.000;0.000;0.000
/home/realdhiru/Pictures/Wallpapers/dark/windows-bloom-dark.jpg,dark,dark,none,0.0850,0.0000,89.88,0.0000,0.8759,0.0000,0.554;0.188;0.105;0.153,0.000;0.000;0.000;0.000
/home/realdhiru/Pictures/Wallpapers/emerald/a-forest-with-tall-trees-and-grass.png,emerald,nord,emerald,0.4157,0.0286,170.42,0.2214,0.0000,0.0030,0.390;0.220;0.275;0.115,0.013;0.042;0.022;0.067
/home/realdhiru/Pictures/Wallpapers/emerald/cat-coffee-cozy.jpg,emerald,emerald,none,0.7011,0.0928,149.18,0.9336,0.0052,0.2769,0.442;0.303;0.221;0.033,0.062;0.104;0.125;0.033
/home/realdhiru/Pictures/Wallpapers/emerald/cat-in-swamp.png,emerald,emerald,nord,0.4112,0.0329,169.31,0.2222,0.0000,0.0425,0.508;0.171;0.280;0.041,0.012;0.100;0.025;0.047
/home/realdhiru/Pictures/Wallpapers/emerald/desert-oasis-night.jpg,emerald,emerald,none,0.3888,0.0308,127.76,0.2036,0.2261,0.0069,0.097;0.309;0.380;0.215,0.056;0.027;0.022;0.030
/home/realdhiru/Pictures/Wallpapers/emerald/green-house-countryside.png,emerald,emerald,none,0.3806,0.0388,157.10,0.3945,0.1311,0.0525,0.185;0.509;0.063;0.243,0.052;0.022;0.028;0.033
/home/realdhiru/Pictures/Wallpapers/emerald/lone-tree-field.png,emerald,light,none,0.8962,0.0796,119.55,0.9978,0.0000,0.8793,0.631;0.073;0.239;0.057,0.066;0.081;0.107;0.112
/home/realdhiru/Pictures/Wallpapers/emerald/lush-emerald-mossy-waterfall.jpg,emerald,emerald,none,0.5937,0.0939,153.72,0.9410,0.0000,0.0000,0.742;0.046;0.063;0.148,0.104;0.031;0.041;0.085
/home/realdhiru/Pictures/Wallpapers/emerald/minimal-anime-portrait.png,emerald,emerald,nord,0.4281,0.0445,167.90,0.6289,0.1398,0.0178,0.347;0.310;0.196;0.146,0.045;0.053;0.024;0.043
/home/realdhiru/Pictures/Wallpapers/emerald/minimal-green-hills-windmill.jpg,emerald,emerald,none,0.3415,0.0630,155.58,0.6467,0.3511,0.0022,0.259;0.346;0.349;0.045,0.113;0.000;0.088;0.048
/home/realdhiru/Pictures/Wallpapers/emerald/misty-pine-mountains.jpg,emerald,emerald,none,0.4689,0.0943,138.76,0.8424,0.0881,0.1016,0.199;0.327;0.241;0.234,0.147;0.043;0.132;0.082
/home/realdhiru/Pictures/Wallpapers/emerald/mossy-forest-waterfall.jpg,emerald,emerald,none,0.3222,0.0534,156.15,0.4688,0.4796,0.0282,0.171;0.219;0.173;0.437,0.097;0.044;0.124;0.009
/home/realdhiru/Pictures/Wallpapers/emerald/pixel-alpine-meadow-mountains.jpg,emerald,gruvbox,none,0.6432,0.0532,68.65,0.7083,0.0004,0.4149,0.236;0.341;0.164;0.259,0.027;0.045;0.015;0.059
/home/realdhiru/Pictures/Wallpapers/emerald/solitary-scifi-robot.png,emerald,emerald,none,0.4889,0.0740,136.84,0.9180,0.0269,0.0009,0.304;0.365;0.243;0.088,0.044;0.104;0.064;0.081
/home/realdhiru/Pictures/Wallpapers/emerald/vibrant-anime-summer-grassland.png,emerald,emerald,none,0.3550,0.0383,136.80,0.4440,0.4219,0.0872,0.529;0.135;0.241;0.095,0.011;0.091;0.057;0.072
/home/realdhiru/Pictures/Wallpapers/gifs/adventure-time-pixel-treehouse.gif,gifs,sakura,synthwave,0.5250,0.1373,321.70,0.9809,0.0017,0.0117,0.249;0.310;0.178;0.263,0.104;0.155;0.059;0.174
/home/realdhiru/Pictures/Wallpapers/gifs/akkotta-cozy-balcony.gif,gifs,nord,none,0.3813,0.0272,194.00,0.1124,0.0000,0.0030,0.150;0.273;0.464;0.112,0.034;0.026;0.018;0.029
/home/realdhiru/Pictures/Wallpapers/gifs/anasabdin-pixel-sunset.gif,gifs,sunset,gruvbox,0.5938,0.0595,38.30,0.5573,0.0000,0.1385,0.352;0.332;0.139;0.178,0.098;0.020;0.079;0.039
/home/realdhiru/Pictures/Wallpapers/gifs/arch-linux-isometric-cubes.gif,gifs,dark,none,0.2167,0.0171,280.11,0.0013,0.9184,0.0000,0.068;0.883;0.043;0.005,0.027;0.016;0.021;0.035
/home/realdhiru/Pictures/Wallpapers/gifs/berserk-guts-vs-griffith-pixel.gif,gifs,nord,none,0.5284,0.0288,239.14,0.2439,0.1593,0.2396,0.336;0.155;0.253;0.256,0.037;0.005;0.018;0.027
/home/realdhiru/Pictures/Wallpapers/gifs/blackrush-neon-highway.gif,gifs,monochrome,none,0.2627,0.0177,10.10,0.1133,0.4414,0.0000,0.317;0.382;0.235;0.066,0.008;0.003;0.004;0.047
/home/realdhiru/Pictures/Wallpapers/gifs/camille-unknown-pixel-corridor.gif,gifs,nord,none,0.4325,0.0328,247.01,0.4149,0.0690,0.0265,0.100;0.264;0.214;0.422,0.011;0.043;0.018;0.034
/home/realdhiru/Pictures/Wallpapers/gifs/cyber-financial-terminal-ticker.gif,gifs,dark,none,0.0855,0.0070,163.12,0.0286,0.9653,0.0000,0.238;0.379;0.032;0.351,0.012;0.000;0.056;0.006
/home/realdhiru/Pictures/Wallpapers/gifs/dark-souls-irithyll-bonfire-pixel.gif,gifs,monochrome,none,0.4826,0.0257,228.88,0.1350,0.0000,0.0760,0.178;0.386;0.097;0.339,0.031;0.022;0.039;0.019
/home/realdhiru/Pictures/Wallpapers/gifs/dragon-ball-flying-nimbus-pixel.gif,gifs,synthwave,none,0.3279,0.1156,314.92,0.9991,0.1675,0.0065,0.395;0.115;0.141;0.349,0.094;0.140;0.157;0.101
/home/realdhiru/Pictures/Wallpapers/gifs/genshin-impact-scenery.gif,gifs,light,none,0.7184,0.0232,214.44,0.0768,0.0000,0.5191,0.300;0.221;0.357;0.122,0.010;0.013;0.017;0.009
/home/realdhiru/Pictures/Wallpapers/gifs/hollow-knight-pixel-bench.gif,gifs,dark,none,0.2444,0.0337,255.43,0.2925,0.6016,0.0039,0.168;0.507;0.288;0.037,0.043;0.020;0.037;0.060
/home/realdhiru/Pictures/Wallpapers/gifs/kirokaze-cyber-cryo-lab.gif,gifs,dark,none,0.2230,0.0246,232.42,0.1246,0.7465,0.0035,0.026;0.694;0.087;0.193,0.078;0.014;0.056;0.022
/home/realdhiru/Pictures/Wallpapers/gifs/kirokaze-cyberpunk-city.gif,gifs,emerald,none,0.6311,0.0306,124.68,0.2431,0.0612,0.3863,0.207;0.301;0.257;0.236,0.019;0.027;0.010;0.038
/home/realdhiru/Pictures/Wallpapers/gifs/kirokaze-gundam-ruins.gif,gifs,emerald,none,0.5160,0.0342,152.49,0.2830,0.0872,0.1845,0.266;0.202;0.233;0.299,0.030;0.038;0.036;0.016
/home/realdhiru/Pictures/Wallpapers/gifs/kirokaze-pixel-campfire-forest.gif,gifs,violet,none,0.2867,0.0336,290.37,0.2127,0.1515,0.0009,0.426;0.079;0.461;0.033,0.039;0.024;0.027;0.054
/home/realdhiru/Pictures/Wallpapers/gifs/kirokaze-witcher-tavern.gif,gifs,crimson,none,0.2989,0.0608,15.47,0.7066,0.2812,0.0000,0.617;0.105;0.057;0.221,0.044;0.102;0.150;0.060
/home/realdhiru/Pictures/Wallpapers/gifs/lofi-chill-room.gif,gifs,emerald,none,0.3362,0.0461,165.45,0.5165,0.3129,0.0052,0.487;0.141;0.251;0.122,0.024;0.060;0.046;0.080
/home/realdhiru/Pictures/Wallpapers/gifs/magic-store-neon-black-cat.gif,gifs,synthwave,none,0.4329,0.1488,311.75,1.0000,0.1441,0.0447,0.332;0.268;0.089;0.311,0.151;0.110;0.101;0.182
/home/realdhiru/Pictures/Wallpapers/gifs/matrix-digital-rain-code.gif,gifs,dark,none,0.1099,0.0157,333.99,0.0556,0.9905,0.0000,0.075;0.750;0.036;0.140,0.036;0.012;0.046;0.015
/home/realdhiru/Pictures/Wallpapers/gifs/minimal-sine-wave-circle.gif,gifs,monochrome,none,0.2811,0.0046,67.67,0.0000,0.0000,0.0000,0.979;0.008;0.003;0.010,0.005;0.003;0.002;0.004
/home/realdhiru/Pictures/Wallpapers/gifs/night-skyscrapers-flyover.gif,gifs,monochrome,none,0.3107,0.0164,284.09,0.0169,0.1089,0.0035,0.365;0.125;0.482;0.028,0.009;0.023;0.019;0.015
/home/realdhiru/Pictures/Wallpapers/gifs/nord-car-rain-live.gif,gifs,ocean,none,0.2983,0.0294,277.96,0.2036,0.3707,0.0009,0.455;0.069;0.275;0.201,0.019;0.048;0.031;0.043
/home/realdhiru/Pictures/Wallpapers/gifs/pixel-attempt-at-pixel-art.gif,gifs,dark,none,0.2112,0.0684,285.56,0.8173,0.7730,0.0000,0.229;0.321;0.068;0.383,0.049;0.077;0.079;0.069
/home/realdhiru/Pictures/Wallpapers/gifs/pixel-bencin-studios-cyber-room.gif,gifs,ocean,none,0.5169,0.0965,259.92,0.9418,0.0903,0.1819,0.267;0.378;0.287;0.068,0.076;0.102;0.053;0.171
/home/realdhiru/Pictures/Wallpapers/gifs/pixel-cherry-blossom-cat-bridge.gif,gifs,light,none,0.8393,0.0356,231.00,0.3060,0.0000,0.8016,0.239;0.106;0.531;0.125,0.022;0.050;0.016;0.082
/home/realdhiru/Pictures/Wallpapers/gifs/pixel-city-sunset-skyline.gif,gifs,sakura,none,0.4883,0.0622,344.51,0.5495,0.3073,0.2630,0.293;0.427;0.145;0.135,0.094;0.027;0.081;0.063
/home/realdhiru/Pictures/Wallpapers/gifs/pixel-cozy-rainy-cafe.gif,gifs,monochrome,none,0.3573,0.0219,161.63,0.0968,0.1610,0.0043,0.420;0.314;0.077;0.189,0.018;0.012;0.013;0.007
/home/realdhiru/Pictures/Wallpapers/gifs/pixel-cyber-bedroom-lofi.gif,gifs,nord,ocean,0.3797,0.0659,254.95,0.8494,0.1424,0.0243,0.424;0.169;0.142;0.265,0.055;0.095;0.015;0.090
/home/realdhiru/Pictures/Wallpapers/gifs/pixel-cyber-street-night.gif,gifs,violet,none,0.3291,0.0629,289.99,0.9679,0.3815,0.0078,0.457;0.188;0.115;0.241,0.051;0.072;0.065;0.063
/home/realdhiru/Pictures/Wallpapers/gifs/pixel-cyber-technomancer-monochrome.gif,gifs,monochrome,none,0.2659,0.0000,89.88,0.0000,0.4861,0.0226,0.447;0.074;0.252;0.227,0.000;0.000;0.000;0.000
/home/realdhiru/Pictures/Wallpapers/gifs/pixel-cyberpunk-quadra-night-city.gif,gifs,ocean,none,0.3374,0.0923,277.56,0.8663,0.1194,0.0061,0.329;0.034;0.258;0.379,0.065;0.088;0.172;0.050
/home/realdhiru/Pictures/Wallpapers/gifs/pixel-desos-pizza-cyber-city.gif,gifs,sunset,gruvbox,0.2582,0.0574,24.19,0.6571,0.4748,0.0087,0.393;0.039;0.254;0.314,0.024;0.074;0.067;0.018
/home/realdhiru/Pictures/Wallpapers/gifs/pixel-evening-city-lights.gif,gifs,ocean,none,0.4268,0.0719,265.07,0.7461,0.0000,0.0000,0.089;0.255;0.364;0.292,0.063;0.050;0.110;0.034
/home/realdhiru/Pictures/Wallpapers/gifs/pixel-forest-rabbits-mushrooms.gif,gifs,nord,none,0.4642,0.0507,223.29,0.6671,0.2122,0.1853,0.427;0.185;0.172;0.216,0.042;0.045;0.038;0.039
/home/realdhiru/Pictures/Wallpapers/gifs/pixel-forest-river-log.gif,gifs,emerald,none,0.3895,0.0567,136.84,0.6936,0.1211,0.0291,0.374;0.187;0.093;0.346,0.030;0.075;0.042;0.070
/home/realdhiru/Pictures/Wallpapers/gifs/pixel-fox-border-sign.gif,gifs,monochrome,none,0.3812,0.0097,29.45,0.0100,0.0000,0.0000,0.185;0.314;0.106;0.395,0.009;0.001;0.020;0.010
/home/realdhiru/Pictures/Wallpapers/gifs/pixel-fuji-twilight-garden.gif,gifs,synthwave,none,0.3330,0.0989,297.10,0.9996,0.2717,0.0026,0.311;0.339;0.293;0.057,0.059;0.120;0.103;0.128
/home/realdhiru/Pictures/Wallpapers/gifs/pixel-girl-dog-hydrangeas-rainbow.gif,gifs,light,none,0.7423,0.0828,205.29,0.9939,0.0000,0.6875,0.489;0.057;0.270;0.184,0.092;0.062;0.057;0.081
/home/realdhiru/Pictures/Wallpapers/gifs/pixel-japanese-train-rain.gif,gifs,nord,none,0.5804,0.0549,191.06,0.6801,0.0000,0.2114,0.263;0.201;0.238;0.297,0.049;0.032;0.048;0.070
/home/realdhiru/Pictures/Wallpapers/gifs/pixel-landscape-road-trip.gif,gifs,light,none,0.6273,0.0509,169.20,0.6298,0.0360,0.5430,0.259;0.326;0.305;0.110,0.008;0.051;0.031;0.095
/home/realdhiru/Pictures/Wallpapers/gifs/pixel-millennium-falcon-cockpit.gif,gifs,synthwave,none,0.2712,0.1331,295.50,1.0000,0.4961,0.0035,0.443;0.123;0.072;0.362,0.094;0.171;0.217;0.137
/home/realdhiru/Pictures/Wallpapers/gifs/pixel-poolside-pavilion-bar.gif,gifs,nord,ocean,0.5198,0.1253,253.93,0.9787,0.0000,0.0629,0.755;0.107;0.057;0.081,0.136;0.066;0.098;0.082
/home/realdhiru/Pictures/Wallpapers/gifs/pixel-retro-bedroom-gaming.gif,gifs,dark,none,0.2572,0.0323,269.01,0.2682,0.5243,0.0087,0.464;0.222;0.273;0.041,0.017;0.042;0.035;0.061
/home/realdhiru/Pictures/Wallpapers/gifs/pixel-tokyo-commuter-train.gif,gifs,light,none,0.8447,0.0136,255.03,0.0265,0.0000,0.7548,0.179;0.113;0.567;0.141,0.013;0.035;0.001;0.028
/home/realdhiru/Pictures/Wallpapers/gifs/pixel-tokyo-night-street.gif,gifs,ocean,none,0.2660,0.0519,271.07,0.7548,0.3971,0.0004,0.350;0.148;0.440;0.062,0.040;0.051;0.054;0.058
/home/realdhiru/Pictures/Wallpapers/gifs/pixel-train-window-clouds.gif,gifs,dark,none,0.1296,0.0345,275.45,0.3876,0.8641,0.0013,0.538;0.146;0.274;0.042,0.036;0.038;0.012;0.023
/home/realdhiru/Pictures/Wallpapers/gifs/pixel-waneella-ramen-diner-alley.gif,gifs,gruvbox,none,0.3555,0.0275,43.83,0.2348,0.0139,0.0009,0.438;0.053;0.164;0.345,0.005;0.100;0.033;0.012
/home/realdhiru/Pictures/Wallpapers/gifs/pixel-waneella-tokyo-corner-dusk.gif,gifs,violet,none,0.3972,0.0398,316.89,0.4149,0.1115,0.0000,0.378;0.263;0.116;0.243,0.054;0.030;0.031;0.025
/home/realdhiru/Pictures/Wallpapers/gifs/pixel-zelda-link-hammock-room.gif,gifs,ocean,none,0.3751,0.0646,235.74,0.8181,0.2188,0.0100,0.269;0.269;0.099;0.364,0.075;0.015;0.046;0.033
/home/realdhiru/Pictures/Wallpapers/gifs/pixilart-starting-soon.gif,gifs,emerald,none,0.4748,0.0393,128.11,0.4388,0.1697,0.0977,0.265;0.238;0.337;0.160,0.015;0.037;0.045;0.023
/home/realdhiru/Pictures/Wallpapers/gifs/relaxing-room-by-1tzah.gif,gifs,dark,none,0.1446,0.0203,268.03,0.1432,0.8247,0.0091,0.461;0.118;0.037;0.385,0.021;0.008;0.056;0.002
/home/realdhiru/Pictures/Wallpapers/gifs/tatiana-pixel-bedroom.gif,gifs,light,none,0.8980,0.0153,74.92,0.1523,0.0026,0.8650,0.607;0.164;0.159;0.070,0.003;0.041;0.015;0.037
/home/realdhiru/Pictures/Wallpapers/gifs/waneella-japanese-train.gif,gifs,sunset,gruvbox,0.3348,0.0574,39.24,0.3924,0.2248,0.0035,0.342;0.060;0.379;0.218,0.026;0.162;0.046;0.094
/home/realdhiru/Pictures/Wallpapers/gifs/waneella-monster-alley.gif,gifs,dark,none,0.2618,0.0354,55.38,0.3251,0.5304,0.0022,0.546;0.023;0.277;0.154,0.020;0.075;0.041;0.067
/home/realdhiru/Pictures/Wallpapers/gruvbox/a-computer-generated-image-of-a-machine.png,gruvbox,monochrome,none,0.4130,0.0196,74.74,0.0312,0.0434,0.0304,0.347;0.183;0.096;0.374,0.021;0.025;0.028;0.013
/home/realdhiru/Pictures/Wallpapers/gruvbox/african-light-silhouette.jpg,gruvbox,gruvbox,none,0.5881,0.0515,93.15,0.4557,0.1528,0.3828,0.274;0.275;0.196;0.255,0.022;0.075;0.061;0.031
/home/realdhiru/Pictures/Wallpapers/gruvbox/anime-romance-rooftop.jpg,gruvbox,gruvbox,none,0.5566,0.0726,69.12,0.8620,0.0000,0.0543,0.351;0.214;0.136;0.299,0.069;0.040;0.081;0.092
/home/realdhiru/Pictures/Wallpapers/gruvbox/brutalist-cyber-building.png,gruvbox,gruvbox,none,0.4961,0.0569,93.10,0.5174,0.0000,0.0816,0.367;0.200;0.185;0.248,0.008;0.117;0.084;0.043
/home/realdhiru/Pictures/Wallpapers/gruvbox/cat-painting.png,gruvbox,gruvbox,none,0.4296,0.0408,92.29,0.5790,0.1185,0.0720,0.273;0.251;0.323;0.152,0.049;0.018;0.040;0.058
/home/realdhiru/Pictures/Wallpapers/gruvbox/cozy-autumn-golden-forest.png,gruvbox,gruvbox,none,0.5356,0.0529,60.78,0.6115,0.0000,0.1120,0.266;0.265;0.329;0.140,0.071;0.026;0.045;0.085
/home/realdhiru/Pictures/Wallpapers/gruvbox/earthy-gruvbox-woodland-cabin.png,gruvbox,gruvbox,none,0.5537,0.0348,72.01,0.3455,0.0000,0.1892,0.220;0.293;0.191;0.296,0.003;0.032;0.010;0.047
/home/realdhiru/Pictures/Wallpapers/gruvbox/golden-hour-mountain-sunset.jpg,gruvbox,light,none,0.6673,0.0821,68.54,0.9670,0.0004,0.5208,0.327;0.286;0.241;0.146,0.079;0.075;0.082;0.097
/home/realdhiru/Pictures/Wallpapers/gruvbox/gracile-ultrawide-wide-screen.jpg,gruvbox,gruvbox,none,0.4640,0.0267,50.57,0.2036,0.1250,0.0317,0.059;0.287;0.249;0.405,0.103;0.004;0.041;0.005
/home/realdhiru/Pictures/Wallpapers/gruvbox/great-wave-off-kanagawa.jpg,gruvbox,light,none,0.7061,0.0371,106.84,0.4132,0.0022,0.5269,0.275;0.150;0.421;0.154,0.011;0.061;0.038;0.012
/home/realdhiru/Pictures/Wallpapers/gruvbox/gruvbox-11b908.jpg,gruvbox,emerald,none,0.5640,0.0628,103.82,0.6658,0.0000,0.0872,0.239;0.293;0.357;0.111,0.042;0.083;0.054;0.022
/home/realdhiru/Pictures/Wallpapers/gruvbox/gruvbox-11e49e.jpg,gruvbox,emerald,none,0.5901,0.0439,114.39,0.5048,0.0265,0.2231,0.229;0.300;0.306;0.165,0.013;0.040;0.003;0.029
/home/realdhiru/Pictures/Wallpapers/gruvbox/gruvbox-earthy-autumn-leaves.png,gruvbox,monochrome,none,0.4473,0.0177,80.18,0.1688,0.0135,0.0026,0.276;0.256;0.332;0.136,0.007;0.015;0.008;0.069
/home/realdhiru/Pictures/Wallpapers/gruvbox/gruvbox-gruvbox-theme-lvl374.png,gruvbox,monochrome,none,0.6882,0.0211,99.95,0.3160,0.0000,0.4384,0.362;0.358;0.188;0.092,0.001;0.042;0.017;0.031
/home/realdhiru/Pictures/Wallpapers/gruvbox/gruvbox-olive-mustard-hills.png,gruvbox,emerald,none,0.6554,0.0353,158.51,0.2209,0.0113,0.2999,0.432;0.212;0.291;0.064,0.028;0.003;0.023;0.034
/home/realdhiru/Pictures/Wallpapers/gruvbox/gruvbox-retro-coffee-tones.png,gruvbox,gruvbox,none,0.3778,0.0401,75.02,0.5195,0.1888,0.0000,0.248;0.332;0.252;0.168,0.032;0.053;0.043;0.019
/home/realdhiru/Pictures/Wallpapers/gruvbox/gruvbox-theme-lvl374-japanese.png,gruvbox,light,none,0.7948,0.0289,99.98,0.4440,0.0000,0.6892,0.579;0.241;0.069;0.110,0.041;0.002;0.019;0.031
/home/realdhiru/Pictures/Wallpapers/gruvbox/gruvbox-theme-solar-system-space-art.png,gruvbox,monochrome,none,0.3755,0.0145,70.09,0.0495,0.0000,0.0000,0.596;0.045;0.320;0.038,0.007;0.113;0.012;0.027
/home/realdhiru/Pictures/Wallpapers/gruvbox/hsin-wuthering-waves-wuthering-waves-dress.jpg,gruvbox,gruvbox,none,0.4630,0.0426,52.26,0.4162,0.2713,0.1654,0.386;0.151;0.240;0.224,0.019;0.036;0.061;0.055
/home/realdhiru/Pictures/Wallpapers/gruvbox/ikachyu-work-sousou-no-frieren-frieren.jpg,gruvbox,light,none,0.7616,0.0574,79.28,0.6029,0.0000,0.5890,0.320;0.256;0.133;0.291,0.030;0.068;0.074;0.058
/home/realdhiru/Pictures/Wallpapers/gruvbox/ismail-inceoglu-landscape-sunset.png,gruvbox,gruvbox,sunset,0.4658,0.0461,52.25,0.4826,0.0556,0.0651,0.362;0.133;0.238;0.266,0.002;0.087;0.026;0.027
/home/realdhiru/Pictures/Wallpapers/gruvbox/japanese-calligraphy-zen.jpg,gruvbox,light,none,0.7900,0.0448,61.90,0.5668,0.0000,0.7474,0.067;0.240;0.160;0.533,0.035;0.045;0.062;0.037
/home/realdhiru/Pictures/Wallpapers/gruvbox/japanese-watercolor-fantasy-maiden.jpg,gruvbox,light,none,0.8480,0.0531,110.38,0.5864,0.0000,0.7990,0.431;0.157;0.063;0.349,0.025;0.083;0.051;0.068
/home/realdhiru/Pictures/Wallpapers/gruvbox/journey-desert-wanderer.png,gruvbox,gruvbox,none,0.4994,0.0360,76.37,0.3238,0.2339,0.2543,0.345;0.178;0.228;0.249,0.017;0.046;0.029;0.055
/home/realdhiru/Pictures/Wallpapers/gruvbox/kyoto-canal-cherry-blossoms.jpg,gruvbox,monochrome,none,0.4882,0.0133,93.91,0.0599,0.0000,0.0252,0.243;0.214;0.197;0.346,0.012;0.010;0.012;0.006
/home/realdhiru/Pictures/Wallpapers/gruvbox/landscape-painting-frederic-edwin-church.jpg,gruvbox,gruvbox,sunset,0.4835,0.0520,37.29,0.6545,0.0126,0.0621,0.368;0.257;0.075;0.301,0.034;0.074;0.035;0.053
/home/realdhiru/Pictures/Wallpapers/gruvbox/marcel-bisig-nature-landscape.jpg,gruvbox,gruvbox,none,0.3893,0.0448,86.42,0.4141,0.1471,0.0265,0.300;0.422;0.251;0.027,0.047;0.024;0.074;0.031
/home/realdhiru/Pictures/Wallpapers/gruvbox/minimal-galaxy.png,gruvbox,dark,none,0.5113,0.0271,93.67,0.4136,0.5352,0.4128,0.566;0.408;0.016;0.010,0.005;0.058;0.016;0.041
/home/realdhiru/Pictures/Wallpapers/gruvbox/monochrome-sitting-naruto-shippuden.png,gruvbox,light,none,0.7312,0.0313,90.29,0.1484,0.0000,0.5430,0.038;0.362;0.385;0.215,0.008;0.031;0.039;0.023
/home/realdhiru/Pictures/Wallpapers/gruvbox/mugen-fan-street-sunlight.jpg,gruvbox,gruvbox,none,0.4195,0.0446,56.03,0.3620,0.0056,0.0456,0.167;0.153;0.114;0.566,0.094;0.041;0.116;0.012
/home/realdhiru/Pictures/Wallpapers/gruvbox/muted-warm-stone-minimalism.png,gruvbox,monochrome,none,0.4811,0.0100,113.27,0.0039,0.0000,0.1914,0.603;0.169;0.135;0.093,0.011;0.008;0.008;0.006
/home/realdhiru/Pictures/Wallpapers/gruvbox/nature-trees-forest.jpg,gruvbox,monochrome,none,0.4543,0.0178,104.07,0.0421,0.1033,0.1606,0.424;0.159;0.230;0.188,0.015;0.016;0.021;0.012
/home/realdhiru/Pictures/Wallpapers/gruvbox/nier-automata-2b-monochrome.jpg,gruvbox,monochrome,none,0.5177,0.0120,84.04,0.0061,0.0712,0.2405,0.194;0.329;0.198;0.279,0.011;0.005;0.009;0.013
/home/realdhiru/Pictures/Wallpapers/gruvbox/one-piece-joyboy-gear-5-sun.png,gruvbox,monochrome,none,0.4572,0.0249,64.56,0.2873,0.0000,0.2144,0.140;0.556;0.201;0.102,0.054;0.003;0.035;0.040
/home/realdhiru/Pictures/Wallpapers/gruvbox/originallcd-2.jpg,gruvbox,monochrome,none,0.4891,0.0057,63.87,0.0000,0.2595,0.2969,0.257;0.279;0.108;0.356,0.002;0.012;0.007;0.001
/home/realdhiru/Pictures/Wallpapers/gruvbox/pixel-cliff-sunset-clouds.jpg,gruvbox,sakura,none,0.5871,0.0775,342.51,0.8767,0.0291,0.3286,0.302;0.176;0.283;0.239,0.052;0.047;0.060;0.074
/home/realdhiru/Pictures/Wallpapers/gruvbox/rustic-autumn-foliage-path.jpg,gruvbox,gruvbox,none,0.5765,0.0319,67.90,0.2817,0.0382,0.2426,0.211;0.270;0.326;0.192,0.029;0.023;0.039;0.005
/home/realdhiru/Pictures/Wallpapers/gruvbox/samurai-doge.png,gruvbox,gruvbox,none,0.4358,0.0332,96.31,0.3329,0.1966,0.1484,0.160;0.441;0.146;0.253,0.054;0.008;0.004;0.028
/home/realdhiru/Pictures/Wallpapers/gruvbox/samurai-duel-silhouette.png,gruvbox,gruvbox,none,0.4422,0.0421,59.44,0.4905,0.0946,0.0069,0.345;0.117;0.084;0.455,0.034;0.016;0.011;0.055
/home/realdhiru/Pictures/Wallpapers/gruvbox/shaokao-lajitong-rings-amiya-arknights.jpg,gruvbox,gruvbox,sunset,0.4798,0.0642,55.42,0.6984,0.0851,0.0516,0.190;0.240;0.273;0.297,0.037;0.085;0.062;0.055
/home/realdhiru/Pictures/Wallpapers/gruvbox/stormveil-castle-elden-ring.jpg,gruvbox,emerald,none,0.5052,0.0298,112.27,0.1918,0.0516,0.1515,0.345;0.160;0.286;0.209,0.021;0.064;0.011;0.033
/home/realdhiru/Pictures/Wallpapers/gruvbox/sunset-dusk-desert-canyon.png,gruvbox,sunset,gruvbox,0.5233,0.0609,47.04,0.6602,0.0825,0.1528,0.238;0.198;0.275;0.289,0.092;0.033;0.065;0.027
/home/realdhiru/Pictures/Wallpapers/gruvbox/tranquility.png,gruvbox,light,none,0.7787,0.0449,90.52,0.7483,0.0000,0.7040,0.536;0.088;0.232;0.144,0.055;0.009;0.046;0.029
/home/realdhiru/Pictures/Wallpapers/gruvbox/vintage-tokyo-street-crossing.jpg,gruvbox,gruvbox,emerald,0.5147,0.0402,98.80,0.5299,0.0794,0.0169,0.382;0.104;0.196;0.317,0.048;0.015;0.039;0.026
/home/realdhiru/Pictures/Wallpapers/gruvbox/warm-sepia-vintage-landscape.jpg,gruvbox,monochrome,none,0.5276,0.0208,47.25,0.0208,0.0095,0.1997,0.219;0.187;0.362;0.232,0.015;0.016;0.022;0.021
/home/realdhiru/Pictures/Wallpapers/light/6i-jx5-ay.jpg,light,light,none,0.8319,0.0000,89.88,0.0000,0.0000,0.8351,0.393;0.069;0.209;0.329,0.000;0.000;0.000;0.000
/home/realdhiru/Pictures/Wallpapers/light/a-landscape-of-mountains-and-snow.png,light,light,none,0.8668,0.0204,247.56,0.1285,0.0000,0.8997,0.510;0.178;0.086;0.227,0.016;0.036;0.042;0.008
/home/realdhiru/Pictures/Wallpapers/light/abstract-wall-paint-texture.jpg,light,light,none,0.7137,0.0021,236.03,0.0000,0.0000,0.5113,0.178;0.499;0.301;0.023,0.004;0.000;0.004;0.002
/home/realdhiru/Pictures/Wallpapers/light/aemeath-wuthering-waves-wuthering-waves-anime.png,light,light,none,0.8786,0.0278,298.18,0.2140,0.0000,0.9340,0.400;0.195;0.059;0.346,0.014;0.030;0.056;0.003
/home/realdhiru/Pictures/Wallpapers/light/aharen-reina-holding-c-programming-language.png,light,light,none,0.8548,0.0231,288.96,0.1515,0.0000,0.8151,0.457;0.175;0.267;0.101,0.003;0.022;0.016;0.025
/home/realdhiru/Pictures/Wallpapers/light/akira-kaneda-bike.png,light,light,none,0.8343,0.0332,218.37,0.3181,0.0078,0.8698,0.351;0.046;0.524;0.079,0.040;0.030;0.012;0.114
/home/realdhiru/Pictures/Wallpapers/light/ca-joiwr.jpg,light,monochrome,none,0.4627,0.0031,265.86,0.0000,0.0004,0.0499,0.223;0.269;0.092;0.416,0.001;0.004;0.001;0.003
/home/realdhiru/Pictures/Wallpapers/light/cat-minimal-silhouette.jpg,light,light,none,0.9002,0.0078,60.69,0.0000,0.0000,0.9987,0.931;0.016;0.037;0.016,0.008;0.021;0.004;0.011
/home/realdhiru/Pictures/Wallpapers/light/chainsawman-sketch.png,light,light,none,0.8478,0.0000,89.88,0.0000,0.0677,0.7765,0.711;0.090;0.107;0.092,0.000;0.000;0.000;0.000
/home/realdhiru/Pictures/Wallpapers/light/frieren-beyond-journeys-end.jpg,light,light,none,0.8256,0.0082,215.37,0.0000,0.0000,0.7426,0.391;0.224;0.273;0.111,0.003;0.010;0.008;0.012
/home/realdhiru/Pictures/Wallpapers/light/light-wallpaper-17908794.png,light,light,none,0.8508,0.0051,247.81,0.0239,0.0282,0.8650,0.802;0.048;0.108;0.043,0.001;0.009;0.009;0.001
/home/realdhiru/Pictures/Wallpapers/light/nekofood-lima-anime-anime-girls.jpg,light,light,none,0.8219,0.0360,230.89,0.3967,0.0000,0.7227,0.231;0.237;0.404;0.127,0.031;0.066;0.004;0.053
/home/realdhiru/Pictures/Wallpapers/light/robot-techart-humanoid.png,light,light,none,0.8416,0.0182,8.05,0.1163,0.0056,0.8181,0.800;0.077;0.071;0.052,0.005;0.088;0.026;0.053
/home/realdhiru/Pictures/Wallpapers/light/trimmed2.jpg,light,light,none,0.9439,0.0155,273.59,0.0729,0.0000,0.9883,0.600;0.028;0.102;0.270,0.014;0.029;0.049;0.003
/home/realdhiru/Pictures/Wallpapers/light/zen-minimal-cream-watercolor.png,light,light,none,0.8128,0.0211,144.38,0.0260,0.0000,0.9609,0.009;0.018;0.961;0.013,0.037;0.052;0.020;0.042
/home/realdhiru/Pictures/Wallpapers/nord/a-cassette-tape-with-a-chain-and-a-chain.png,nord,nord,none,0.4169,0.0549,211.51,0.8980,0.0095,0.0174,0.895;0.017;0.018;0.069,0.057;0.030;0.040;0.033
/home/realdhiru/Pictures/Wallpapers/nord/a-crane-with-a-light-on-top.png,nord,nord,none,0.5277,0.0316,214.88,0.2808,0.0000,0.0013,0.203;0.347;0.342;0.107,0.049;0.028;0.020;0.041
/home/realdhiru/Pictures/Wallpapers/nord/a-gas-station-with-lights-on-the-front-and-a-car-parked-in-the-front.jpg,nord,nord,none,0.3627,0.0300,184.61,0.2465,0.1467,0.0004,0.365;0.044;0.352;0.239,0.029;0.055;0.031;0.016
/home/realdhiru/Pictures/Wallpapers/nord/a-group-of-tall-buildings-with-cartoon-characters-on-them.jpg,nord,nord,none,0.5965,0.0736,216.01,0.9648,0.0022,0.3286,0.215;0.235;0.176;0.374,0.081;0.046;0.065;0.087
/home/realdhiru/Pictures/Wallpapers/nord/a-house-with-a-chair-and-a-bicycle.jpg,nord,nord,none,0.4413,0.0617,228.76,0.8889,0.1324,0.1636,0.408;0.121;0.296;0.175,0.055;0.074;0.070;0.031
/home/realdhiru/Pictures/Wallpapers/nord/a-street-with-buildings-and-trees.png,nord,monochrome,none,0.3888,0.0258,159.75,0.2804,0.0000,0.0864,0.589;0.208;0.105;0.099,0.007;0.031;0.060;0.028
/home/realdhiru/Pictures/Wallpapers/nord/a-video-game-screen-with-a-diamond-and-green-lights.png,nord,nord,none,0.2666,0.0451,218.25,0.9918,0.4319,0.0109,0.651;0.016;0.011;0.322,0.043;0.069;0.042;0.048
/home/realdhiru/Pictures/Wallpapers/nord/abstract-mountain-road.jpg,nord,monochrome,none,0.4400,0.0155,226.02,0.0247,0.3811,0.2296,0.227;0.409;0.183;0.181,0.015;0.012;0.005;0.004
/home/realdhiru/Pictures/Wallpapers/nord/anime-classroom-window-scenery.jpg,nord,nord,none,0.4896,0.0396,237.55,0.4149,0.0091,0.0760,0.288;0.367;0.220;0.125,0.031;0.033;0.026;0.030
/home/realdhiru/Pictures/Wallpapers/nord/anime-girls-anime-birds.jpg,nord,ocean,none,0.6550,0.0387,274.55,0.3594,0.0009,0.4071,0.476;0.085;0.206;0.234,0.027;0.038;0.050;0.029
/home/realdhiru/Pictures/Wallpapers/nord/arctic-minimalist-mountains.png,nord,nord,none,0.3915,0.0271,230.84,0.1450,0.0000,0.0061,0.575;0.077;0.082;0.267,0.025;0.007;0.029;0.034
/home/realdhiru/Pictures/Wallpapers/nord/aubrey-lii-mount-fuji-japan.jpg,nord,monochrome,none,0.6325,0.0239,245.11,0.2135,0.0339,0.4470,0.260;0.336;0.257;0.147,0.036;0.005;0.003;0.043
/home/realdhiru/Pictures/Wallpapers/nord/blue-ridge-mountains-forest-mountains.jpg,nord,ocean,none,0.4716,0.0753,264.46,0.8225,0.1788,0.1515,0.204;0.234;0.181;0.381,0.088;0.090;0.012;0.081
/home/realdhiru/Pictures/Wallpapers/nord/calm-azure-mountain-meadow.png,nord,nord,none,0.4591,0.0429,188.40,0.5655,0.0629,0.0690,0.559;0.113;0.187;0.141,0.049;0.033;0.024;0.021
/home/realdhiru/Pictures/Wallpapers/nord/dark-souls-bonfire-ash.png,nord,nord,none,0.4780,0.0266,228.24,0.1758,0.0039,0.0720,0.323;0.129;0.215;0.332,0.021;0.038;0.029;0.020
/home/realdhiru/Pictures/Wallpapers/nord/daylight-outdoors-landscape.png,nord,nord,ocean,0.6115,0.0503,182.43,0.6879,0.0000,0.3190,0.328;0.300;0.208;0.164,0.025;0.047;0.048;0.017
/home/realdhiru/Pictures/Wallpapers/nord/emerald-teal-scenic-creek.png,nord,nord,none,0.5858,0.0635,173.27,0.8902,0.0000,0.2101,0.221;0.475;0.217;0.087,0.050;0.070;0.053;0.026
/home/realdhiru/Pictures/Wallpapers/nord/fairytale-castle-mountains.jpg,nord,monochrome,none,0.4191,0.0225,162.90,0.0443,0.0747,0.0430,0.329;0.365;0.082;0.224,0.017;0.021;0.037;0.016
/home/realdhiru/Pictures/Wallpapers/nord/feitu223-water-sea.jpg,nord,nord,none,0.6357,0.0834,215.49,0.9575,0.0004,0.3372,0.297;0.243;0.205;0.255,0.090;0.068;0.072;0.097
/home/realdhiru/Pictures/Wallpapers/nord/fox-ancient-dragon-statues.png,nord,nord,none,0.3104,0.0614,241.35,0.6745,0.4253,0.0226,0.414;0.106;0.163;0.317,0.032;0.115;0.093;0.063
/home/realdhiru/Pictures/Wallpapers/nord/fractal-sparkles-glow.jpg,nord,nord,none,0.4020,0.0713,215.59,1.0000,0.0226,0.0000,0.294;0.323;0.151;0.232,0.079;0.049;0.102;0.061
/home/realdhiru/Pictures/Wallpapers/nord/future-ramen-shop-neon.png,nord,nord,ocean,0.3962,0.0426,234.76,0.3342,0.0395,0.0395,0.103;0.461;0.349;0.087,0.043;0.023;0.031;0.052
/home/realdhiru/Pictures/Wallpapers/nord/ghibli-howls-moving-castle.jpg,nord,light,none,0.7241,0.1150,220.10,0.9540,0.0104,0.8841,0.852;0.028;0.041;0.079,0.119;0.018;0.028;0.123
/home/realdhiru/Pictures/Wallpapers/nord/graveyard-with-a-castle-and-trees.png,nord,nord,none,0.5559,0.0471,236.06,0.5100,0.0000,0.2218,0.428;0.175;0.206;0.191,0.032;0.067;0.062;0.046
/home/realdhiru/Pictures/Wallpapers/nord/gruvbox-abstract-blocks.png,nord,monochrome,none,0.4260,0.0163,164.00,0.1202,0.0000,0.0634,0.216;0.120;0.437;0.227,0.010;0.033;0.003;0.022
/home/realdhiru/Pictures/Wallpapers/nord/gruvbox-girl.png,nord,monochrome,none,0.5069,0.0249,186.49,0.0681,0.0000,0.0243,0.136;0.276;0.449;0.139,0.026;0.006;0.026;0.016
/home/realdhiru/Pictures/Wallpapers/nord/hornet-the-princess-protector-of-hallownest-hollow-knight-thumb.jpg,nord,ocean,none,0.4799,0.0302,258.45,0.0712,0.0907,0.1372,0.374;0.240;0.235;0.151,0.024;0.018;0.015;0.016
/home/realdhiru/Pictures/Wallpapers/nord/lake-portal-fisherman.png,nord,nord,none,0.3485,0.0603,248.27,0.7140,0.2426,0.0000,0.264;0.422;0.048;0.265,0.082;0.035;0.093;0.063
/home/realdhiru/Pictures/Wallpapers/nord/max-suleimanov-landscape-outdoors.jpg,nord,nord,none,0.5925,0.0566,218.61,0.6836,0.0000,0.2101,0.294;0.246;0.306;0.154,0.009;0.038;0.085;0.065
/home/realdhiru/Pictures/Wallpapers/nord/mienthoa-bonfires-mountains.png,nord,monochrome,none,0.4320,0.0201,241.32,0.0204,0.3468,0.0182,0.104;0.212;0.309;0.375,0.015;0.015;0.006;0.024
/home/realdhiru/Pictures/Wallpapers/nord/misty-deep-sea-horizon.jpg,nord,nord,none,0.5864,0.0387,192.45,0.3941,0.0000,0.2144,0.222;0.194;0.220;0.364,0.043;0.032;0.030;0.033
/home/realdhiru/Pictures/Wallpapers/nord/misty-nordic-evergreen-ridge.png,nord,nord,none,0.4729,0.0443,217.24,0.6198,0.0990,0.0621,0.662;0.181;0.082;0.075,0.053;0.023;0.016;0.019
/home/realdhiru/Pictures/Wallpapers/nord/monochrome-misty-alpine-fog.jpg,nord,monochrome,none,0.5872,0.0125,244.40,0.0187,0.0000,0.2830,0.294;0.300;0.209;0.196,0.006;0.002;0.022;0.020
/home/realdhiru/Pictures/Wallpapers/nord/mountain-shrine-steps.jpg,nord,ocean,none,0.6169,0.0627,240.93,0.8142,0.0000,0.1836,0.136;0.211;0.274;0.378,0.043;0.052;0.009;0.031
/home/realdhiru/Pictures/Wallpapers/nord/muted-teal-woodland-tranquility.jpg,nord,nord,none,0.5073,0.0432,189.95,0.9579,0.0000,0.0009,0.967;0.012;0.008;0.013,0.044;0.011;0.023;0.006
/home/realdhiru/Pictures/Wallpapers/nord/nord-coastal-rocky-shore.jpg,nord,nord,none,0.6234,0.0391,226.22,0.4722,0.0000,0.0530,0.353;0.197;0.319;0.132,0.017;0.045;0.050;0.041
/home/realdhiru/Pictures/Wallpapers/nord/nord-emerald-fir-canopy.jpg,nord,nord,none,0.4516,0.0563,183.75,1.0000,0.0000,0.0000,1.000;0.000;0.000;0.000,0.056;0.056;0.056;0.056
/home/realdhiru/Pictures/Wallpapers/nord/nord-frost-crystalline-peaks.png,nord,nord,none,0.5280,0.0329,231.36,0.4171,0.1871,0.2730,0.265;0.183;0.247;0.305,0.002;0.053;0.046;0.033
/home/realdhiru/Pictures/Wallpapers/nord/nord-mountain-pass-overlook.png,nord,emerald,none,0.5684,0.0375,145.64,0.4479,0.0061,0.3733,0.168;0.401;0.210;0.220,0.007;0.030;0.070;0.024
/home/realdhiru/Pictures/Wallpapers/nord/nord-pine-mist-silence.png,nord,nord,none,0.3716,0.0379,202.81,0.4293,0.1610,0.0000,0.536;0.163;0.087;0.213,0.034;0.045;0.043;0.040
/home/realdhiru/Pictures/Wallpapers/nord/nordic-foggy-pine-valley.png,nord,light,none,0.5620,0.0153,187.59,0.0000,0.2231,0.4735,0.118;0.495;0.125;0.261,0.032;0.006;0.021;0.022
/home/realdhiru/Pictures/Wallpapers/nord/ocean-horizon-sunset.jpg,nord,nord,none,0.4857,0.0393,237.95,0.2925,0.2943,0.2695,0.269;0.131;0.150;0.450,0.031;0.056;0.076;0.027
/home/realdhiru/Pictures/Wallpapers/nord/oceanic-crest-wave-mist.jpg,nord,nord,none,0.5361,0.0517,191.02,0.7014,0.0009,0.2270,0.394;0.190;0.164;0.252,0.066;0.040;0.040;0.036
/home/realdhiru/Pictures/Wallpapers/nord/outdoors-daylight-clouds.jpg,nord,light,none,0.8540,0.0657,224.21,0.6706,0.0026,0.8607,0.397;0.363;0.226;0.013,0.081;0.021;0.104;0.060
/home/realdhiru/Pictures/Wallpapers/nord/pastel-twilight-clouds-reflection.jpg,nord,nord,none,0.5569,0.0333,232.01,0.1840,0.0964,0.3351,0.329;0.191;0.305;0.175,0.019;0.010;0.032;0.022
/home/realdhiru/Pictures/Wallpapers/nord/pixel-cliff-waterfalls.jpg,nord,nord,none,0.6445,0.0641,213.89,0.6393,0.0000,0.2635,0.301;0.249;0.177;0.273,0.077;0.027;0.088;0.037
/home/realdhiru/Pictures/Wallpapers/nord/pixel-desk-window-clouds.png,nord,nord,none,0.5432,0.0273,240.76,0.1519,0.0000,0.1710,0.362;0.120;0.155;0.362,0.023;0.023;0.013;0.024
/home/realdhiru/Pictures/Wallpapers/nord/pixel-tokyo-night-cityscape.jpg,nord,nord,emerald,0.2907,0.0387,171.74,0.4674,0.3411,0.0030,0.151;0.403;0.289;0.157,0.004;0.038;0.021;0.045
/home/realdhiru/Pictures/Wallpapers/nord/quiet-night-tranquility.png,nord,nord,none,0.4087,0.0418,228.84,0.4523,0.0547,0.0234,0.105;0.348;0.220;0.328,0.031;0.031;0.042;0.019
/home/realdhiru/Pictures/Wallpapers/nord/retro-cassette-tape-pixel.png,nord,nord,none,0.4169,0.0549,211.51,0.8980,0.0095,0.0174,0.895;0.017;0.018;0.069,0.057;0.030;0.040;0.033
/home/realdhiru/Pictures/Wallpapers/nord/satellites.png,nord,nord,none,0.6163,0.0364,193.32,0.4323,0.0000,0.1189,0.197;0.089;0.568;0.147,0.023;0.045;0.034;0.020
/home/realdhiru/Pictures/Wallpapers/nord/serial-experiments-lain.png,nord,nord,none,0.3830,0.0685,232.63,0.8832,0.0525,0.0286,0.413;0.205;0.289;0.094,0.059;0.070;0.070;0.078
/home/realdhiru/Pictures/Wallpapers/nord/slate-gray-minimal-texture.png,nord,monochrome,none,0.4767,0.0145,184.23,0.0000,0.0000,0.0000,0.311;0.224;0.313;0.151,0.014;0.015;0.015;0.012
/home/realdhiru/Pictures/Wallpapers/nord/tanaka-hirotaka-window-looking-at-viewer.jpg,nord,emerald,none,0.6549,0.0856,147.41,0.9297,0.0009,0.3928,0.152;0.438;0.219;0.191,0.052;0.070;0.130;0.069
/home/realdhiru/Pictures/Wallpapers/nord/vehicle-car-landscape.jpg,nord,emerald,none,0.5517,0.0621,153.56,0.7036,0.0000,0.0851,0.303;0.239;0.153;0.305,0.076;0.067;0.063;0.029
/home/realdhiru/Pictures/Wallpapers/nord/wahhlaven2.png,nord,ocean,none,0.4476,0.0639,250.96,0.6970,0.0265,0.0430,0.211;0.293;0.182;0.315,0.029;0.068;0.088;0.044
/home/realdhiru/Pictures/Wallpapers/nord/wires-dead-trees-birds.jpg,nord,monochrome,none,0.5422,0.0209,184.48,0.0009,0.0503,0.0000,0.594;0.117;0.142;0.147,0.022;0.018;0.021;0.016
/home/realdhiru/Pictures/Wallpapers/nord/yin-and-yang-minimalism-quote.png,nord,light,none,0.5894,0.0129,241.02,0.0000,0.4661,0.4939,0.486;0.490;0.011;0.013,0.013;0.012;0.012;0.011
/home/realdhiru/Pictures/Wallpapers/ocean/3587511-most-popular-bob-ross-painting-full-hd-for-pc-bob-ross-paintings-bob-ross-art-bob-ross.jpg,ocean,nord,ocean,0.6373,0.0430,200.75,0.4735,0.0000,0.2678,0.319;0.185;0.266;0.231,0.049;0.026;0.012;0.053
/home/realdhiru/Pictures/Wallpapers/ocean/8jbgqm1npok81.png,ocean,ocean,none,0.2717,0.0896,275.55,0.6793,0.4761,0.0026,0.293;0.079;0.160;0.469,0.130;0.078;0.172;0.035
/home/realdhiru/Pictures/Wallpapers/ocean/a-graphic-of-a-staircase.jpg,ocean,monochrome,none,0.5852,0.0178,262.02,0.0000,0.0000,0.0130,0.321;0.138;0.246;0.296,0.017;0.020;0.017;0.018
/home/realdhiru/Pictures/Wallpapers/ocean/a-tree-and-grass-with-a-blue-background.png,ocean,monochrome,none,0.3490,0.0225,263.72,0.0009,0.0000,0.0273,0.931;0.024;0.029;0.016,0.023;0.010;0.016;0.007
/home/realdhiru/Pictures/Wallpapers/ocean/alone-night-sky-scenery.jpg,ocean,nord,ocean,0.3868,0.0862,253.85,0.5243,0.3932,0.0000,0.257;0.500;0.129;0.113,0.159;0.018;0.163;0.136
/home/realdhiru/Pictures/Wallpapers/ocean/alpine-lake-peaks.jpg,ocean,ocean,none,0.3914,0.0619,259.45,0.6402,0.3173,0.0308,0.266;0.401;0.271;0.062,0.077;0.024;0.074;0.095
/home/realdhiru/Pictures/Wallpapers/ocean/anime-anime-girls-neon-genesis-evangelion.png,ocean,ocean,none,0.5563,0.0498,264.75,0.4618,0.0516,0.1866,0.219;0.304;0.322;0.155,0.008;0.029;0.025;0.025
/home/realdhiru/Pictures/Wallpapers/ocean/anime-anime-girls-sky.jpg,ocean,sakura,none,0.4535,0.0685,335.76,0.7999,0.0195,0.0113,0.178;0.401;0.194;0.227,0.082;0.045;0.069;0.068
/home/realdhiru/Pictures/Wallpapers/ocean/anime-eyes-gaze.png,ocean,synthwave,none,0.2130,0.0575,294.21,0.4401,0.6454,0.0039,0.585;0.076;0.161;0.178,0.009;0.173;0.086;0.139
/home/realdhiru/Pictures/Wallpapers/ocean/arctic-fjord-distant-peaks.png,ocean,nord,ocean,0.6163,0.0430,236.41,0.4857,0.0304,0.4210,0.152;0.336;0.313;0.198,0.030;0.034;0.026;0.066
/home/realdhiru/Pictures/Wallpapers/ocean/arctic-landscape.png,ocean,monochrome,none,0.4135,0.0240,258.05,0.0612,0.0000,0.1233,0.802;0.082;0.048;0.069,0.023;0.039;0.032;0.008
/home/realdhiru/Pictures/Wallpapers/ocean/asian-village.png,ocean,ocean,none,0.4316,0.0301,280.21,0.0208,0.0577,0.0955,0.401;0.118;0.364;0.117,0.029;0.006;0.032;0.030
/home/realdhiru/Pictures/Wallpapers/ocean/astronaut-nord-ice.png,ocean,ocean,none,0.4039,0.0413,260.86,0.3355,0.0000,0.0556,0.622;0.219;0.126;0.032,0.027;0.077;0.051;0.016
/home/realdhiru/Pictures/Wallpapers/ocean/azure-geometric-mesh-gradient.png,ocean,ocean,nord,0.5418,0.1403,256.75,0.8837,0.0260,0.0347,0.122;0.732;0.076;0.070,0.046;0.171;0.010;0.023
/home/realdhiru/Pictures/Wallpapers/ocean/berserk-anato-finnstark-weapon.jpg,ocean,violet,none,0.5160,0.0671,296.83,0.9358,0.0000,0.0725,0.300;0.266;0.201;0.233,0.060;0.056;0.075;0.065
/home/realdhiru/Pictures/Wallpapers/ocean/bunnies-in-wildflowers.jpg,ocean,synthwave,none,0.2266,0.0789,271.82,0.8368,0.7083,0.0000,0.264;0.148;0.467;0.122,0.071;0.158;0.044;0.129
/home/realdhiru/Pictures/Wallpapers/ocean/call-it-a-day.jpg,ocean,ocean,none,0.4963,0.0320,277.79,0.0273,0.0100,0.0078,0.181;0.267;0.102;0.450,0.030;0.031;0.027;0.032
/home/realdhiru/Pictures/Wallpapers/ocean/car-on-a-street.png,ocean,monochrome,ocean,0.3912,0.0263,264.13,0.0699,0.0000,0.0195,0.669;0.087;0.050;0.194,0.023;0.034;0.026;0.025
/home/realdhiru/Pictures/Wallpapers/ocean/cartoon-characters-on-a-food-truck.png,ocean,sakura,none,0.4725,0.0359,349.93,0.2878,0.0000,0.0543,0.205;0.385;0.103;0.306,0.045;0.022;0.064;0.023
/home/realdhiru/Pictures/Wallpapers/ocean/cartoon-of-a-bowl-of-ramen-with-two-monsters-fighting.png,ocean,monochrome,none,0.3939,0.0249,280.53,0.0564,0.0000,0.0464,0.768;0.049;0.095;0.089,0.023;0.008;0.025;0.036
/home/realdhiru/Pictures/Wallpapers/ocean/cat-lofi-cafe.jpg,ocean,violet,none,0.4148,0.0370,304.30,0.2266,0.0616,0.0742,0.384;0.110;0.142;0.364,0.030;0.054;0.018;0.030
/home/realdhiru/Pictures/Wallpapers/ocean/catppuccin-mocha-asian-town.png,ocean,violet,ocean,0.2907,0.0331,285.80,0.0868,0.4041,0.0061,0.610;0.034;0.094;0.262,0.029;0.056;0.041;0.034
/home/realdhiru/Pictures/Wallpapers/ocean/cherry-blossoms-mount-fuji.jpg,ocean,ocean,synthwave,0.3821,0.0705,283.95,0.7287,0.1458,0.0087,0.354;0.258;0.258;0.130,0.053;0.091;0.024;0.109
/home/realdhiru/Pictures/Wallpapers/ocean/chili-peppers-minimal.png,ocean,violet,none,0.3526,0.0475,316.58,0.4280,0.3628,0.0252,0.229;0.508;0.134;0.129,0.034;0.016;0.080;0.091
/home/realdhiru/Pictures/Wallpapers/ocean/chill-mountain-dock.jpg,ocean,violet,none,0.4053,0.0374,304.27,0.3485,0.0482,0.0165,0.398;0.252;0.078;0.272,0.021;0.026;0.036;0.012
/home/realdhiru/Pictures/Wallpapers/ocean/concept-art-clouds-hot-air-balloons.jpg,ocean,violet,none,0.5194,0.0604,295.49,0.9475,0.0065,0.0382,0.214;0.280;0.206;0.300,0.061;0.056;0.064;0.047
/home/realdhiru/Pictures/Wallpapers/ocean/dark-winter-pine-forest.jpg,ocean,violet,ocean,0.4313,0.0362,285.54,0.3785,0.1753,0.0681,0.199;0.272;0.339;0.189,0.047;0.042;0.028;0.032
/home/realdhiru/Pictures/Wallpapers/ocean/deathstar.png,ocean,ocean,none,0.4198,0.0354,259.18,0.2161,0.0000,0.0490,0.677;0.142;0.071;0.110,0.028;0.066;0.039;0.041
/home/realdhiru/Pictures/Wallpapers/ocean/deep-aquatic-twilight-hues.png,ocean,nord,none,0.5451,0.0445,229.24,0.4427,0.0247,0.2179,0.252;0.251;0.257;0.240,0.019;0.037;0.066;0.027
/home/realdhiru/Pictures/Wallpapers/ocean/deep-navy-minimal-geometry.jpg,ocean,nord,none,0.3006,0.0263,243.25,0.0000,0.0000,0.0000,0.461;0.107;0.431;0.000,0.025;0.009;0.032;0.027
/home/realdhiru/Pictures/Wallpapers/ocean/deep-ocean-minimal-aurora.png,ocean,ocean,none,0.2959,0.0349,272.23,0.5278,0.3529,0.0113,0.560;0.361;0.065;0.014,0.047;0.015;0.034;0.022
/home/realdhiru/Pictures/Wallpapers/ocean/dolomites-alpine-peaks.jpg,ocean,monochrome,none,0.6237,0.0207,253.30,0.0851,0.0000,0.3963,0.097;0.200;0.384;0.319,0.031;0.037;0.010;0.020
/home/realdhiru/Pictures/Wallpapers/ocean/dragon-ball-goku-aura.jpg,ocean,synthwave,none,0.6298,0.0947,308.71,0.9093,0.0000,0.2227,0.225;0.275;0.261;0.238,0.115;0.070;0.099;0.062
/home/realdhiru/Pictures/Wallpapers/ocean/elden-ring-malenia.png,ocean,violet,none,0.4455,0.0430,305.03,0.6237,0.1059,0.1649,0.331;0.181;0.353;0.135,0.042;0.034;0.033;0.050
/home/realdhiru/Pictures/Wallpapers/ocean/elden-ring-siofra-river-obelisk.png,ocean,ocean,violet,0.3458,0.0454,283.80,0.5734,0.1003,0.0061,0.308;0.238;0.016;0.438,0.017;0.064;0.076;0.047
/home/realdhiru/Pictures/Wallpapers/ocean/firewatch-lookout-tower.jpg,ocean,ocean,nord,0.4721,0.0484,255.74,0.5334,0.0000,0.0000,0.411;0.414;0.111;0.065,0.072;0.023;0.062;0.034
/home/realdhiru/Pictures/Wallpapers/ocean/flower-branch.png,ocean,ocean,none,0.5849,0.0321,279.75,0.1823,0.0647,0.3121,0.232;0.316;0.216;0.237,0.028;0.020;0.031;0.033
/home/realdhiru/Pictures/Wallpapers/ocean/frieren-staff-magic.jpg,ocean,light,none,0.7134,0.0668,268.81,0.8216,0.0000,0.5564,0.114;0.334;0.232;0.321,0.051;0.052;0.049;0.089
/home/realdhiru/Pictures/Wallpapers/ocean/future-cyber-bodega.png,ocean,nord,none,0.3794,0.0494,251.22,0.7422,0.0421,0.0052,0.308;0.243;0.395;0.054,0.038;0.062;0.048;0.050
/home/realdhiru/Pictures/Wallpapers/ocean/futuristic-transit-station.jpg,ocean,nord,none,0.5447,0.0565,238.30,0.6198,0.0039,0.1237,0.441;0.305;0.092;0.163,0.031;0.012;0.139;0.060
/home/realdhiru/Pictures/Wallpapers/ocean/ghibli-totoro-bus-stop.jpg,ocean,ocean,none,0.2826,0.0578,281.79,0.7244,0.4462,0.0000,0.368;0.313;0.138;0.181,0.031;0.060;0.062;0.071
/home/realdhiru/Pictures/Wallpapers/ocean/high-tech-globe.png,ocean,ocean,none,0.3900,0.0298,259.68,0.1163,0.0000,0.0009,0.577;0.176;0.107;0.140,0.023;0.036;0.055;0.030
/home/realdhiru/Pictures/Wallpapers/ocean/hyprland-cyber-subway-girl.png,ocean,synthwave,none,0.3152,0.0779,269.25,0.8377,0.5013,0.0412,0.501;0.176;0.100;0.223,0.050;0.113;0.098;0.091
/home/realdhiru/Pictures/Wallpapers/ocean/knight-camp-quest.jpg,ocean,nord,none,0.3495,0.0348,230.09,0.2773,0.4588,0.1003,0.645;0.112;0.112;0.131,0.014;0.041;0.101;0.028
/home/realdhiru/Pictures/Wallpapers/ocean/lake-mountain-reflection.jpg,ocean,light,none,0.8217,0.0378,245.75,0.3919,0.0004,0.7943,0.602;0.114;0.062;0.221,0.021;0.074;0.058;0.059
/home/realdhiru/Pictures/Wallpapers/ocean/master-sword-pedestal.jpg,ocean,ocean,nord,0.4407,0.0334,255.13,0.2483,0.0000,0.0169,0.438;0.191;0.085;0.285,0.025;0.046;0.037;0.035
/home/realdhiru/Pictures/Wallpapers/ocean/mellow-dreams-cherry-blossom-shrine.png,ocean,nord,none,0.6113,0.0344,246.92,0.2951,0.0000,0.1610,0.134;0.349;0.255;0.262,0.024;0.018;0.003;0.032
/home/realdhiru/Pictures/Wallpapers/ocean/midnight-sapphire-abyss.jpg,ocean,synthwave,none,0.2420,0.0443,257.15,0.3641,0.6749,0.0056,0.510;0.147;0.128;0.215,0.010;0.121;0.102;0.030
/home/realdhiru/Pictures/Wallpapers/ocean/minimal-silver-frost-gradient.jpg,ocean,monochrome,none,0.7181,0.0125,251.39,0.1042,0.0000,0.4167,0.143;0.475;0.190;0.192,0.027;0.002;0.002;0.030
/home/realdhiru/Pictures/Wallpapers/ocean/minimal-winter-forest.png,ocean,monochrome,none,0.3017,0.0215,264.41,0.0000,0.3945,0.0000,0.365;0.245;0.168;0.221,0.022;0.021;0.021;0.021
/home/realdhiru/Pictures/Wallpapers/ocean/misato-katsuragi-retro.jpg,ocean,synthwave,none,0.3378,0.0486,297.57,0.4470,0.4058,0.1033,0.342;0.312;0.181;0.165,0.004;0.110;0.048;0.017
/home/realdhiru/Pictures/Wallpapers/ocean/misty-mountains.jpg,ocean,ocean,none,0.5730,0.0372,267.08,0.3290,0.0000,0.0000,0.265;0.230;0.339;0.165,0.042;0.040;0.035;0.030
/home/realdhiru/Pictures/Wallpapers/ocean/mma1r-stairs-clouds.png,ocean,ocean,none,0.4017,0.0789,257.46,0.9805,0.0009,0.0056,0.188;0.289;0.087;0.436,0.082;0.079;0.096;0.068
/home/realdhiru/Pictures/Wallpapers/ocean/monochrome-nordic-winter-forest.jpg,ocean,monochrome,none,0.4056,0.0157,251.95,0.0009,0.0013,0.0360,0.933;0.027;0.018;0.022,0.016;0.001;0.001;0.007
/home/realdhiru/Pictures/Wallpapers/ocean/mountain-landscape-with-trees-and-a-building-on-top.png,ocean,monochrome,none,0.5037,0.0242,262.92,0.0391,0.0000,0.2661,0.582;0.265;0.040;0.113,0.023;0.017;0.054;0.035
/home/realdhiru/Pictures/Wallpapers/ocean/nana-osaki-punk.png,ocean,ocean,none,0.5241,0.0462,267.85,0.6632,0.0000,0.0586,0.623;0.218;0.066;0.094,0.051;0.030;0.025;0.033
/home/realdhiru/Pictures/Wallpapers/ocean/nord-alpine-sunny-plateau.png,ocean,nord,none,0.6042,0.1044,210.61,0.9353,0.0035,0.1979,0.379;0.247;0.194;0.179,0.133;0.078;0.011;0.132
/home/realdhiru/Pictures/Wallpapers/ocean/nord-winter-lake-reflection.png,ocean,light,none,0.6901,0.0422,243.27,0.6276,0.0152,0.5629,0.717;0.069;0.081;0.133,0.043;0.039;0.030;0.027
/home/realdhiru/Pictures/Wallpapers/ocean/nordic-fjord-cabin.jpg,ocean,monochrome,none,0.5125,0.0205,264.36,0.0000,0.0000,0.0000,0.149;0.130;0.490;0.230,0.020;0.021;0.020;0.022
/home/realdhiru/Pictures/Wallpapers/ocean/ocean-120f74.jpg,ocean,emerald,none,0.4202,0.0385,153.42,0.4644,0.1801,0.0243,0.155;0.287;0.256;0.302,0.029;0.016;0.030;0.021
/home/realdhiru/Pictures/Wallpapers/ocean/overgrown-red-telephone-booth.png,ocean,violet,none,0.5165,0.0348,315.40,0.2131,0.0000,0.0317,0.464;0.125;0.112;0.298,0.025;0.024;0.092;0.003
/home/realdhiru/Pictures/Wallpapers/ocean/paint-stains-blue.jpg,ocean,ocean,nord,0.2563,0.0751,257.84,0.7374,0.4132,0.0000,0.237;0.370;0.275;0.118,0.105;0.032;0.082;0.134
/home/realdhiru/Pictures/Wallpapers/ocean/perfect-blue-mima.jpg,ocean,dark,none,0.2871,0.0634,269.68,0.8129,0.6766,0.0091,0.706;0.121;0.089;0.084,0.048;0.113;0.087;0.095
/home/realdhiru/Pictures/Wallpapers/ocean/pixel-car.png,ocean,ocean,violet,0.3755,0.0286,282.32,0.0048,0.0825,0.0191,0.525;0.160;0.253;0.063,0.028;0.029;0.030;0.016
/home/realdhiru/Pictures/Wallpapers/ocean/pixel-cyberpunk-city-street.jpg,ocean,violet,none,0.3592,0.0499,302.89,0.5469,0.2804,0.0286,0.346;0.065;0.342;0.248,0.024;0.031;0.040;0.047
/home/realdhiru/Pictures/Wallpapers/ocean/pixel-sakura-samurai-night.jpg,ocean,violet,none,0.2907,0.0545,296.49,0.9796,0.4540,0.0451,0.652;0.060;0.236;0.052,0.048;0.089;0.047;0.092
/home/realdhiru/Pictures/Wallpapers/ocean/pixel-windmills-dusk-clouds.png,ocean,violet,none,0.2917,0.0600,312.55,0.7066,0.4648,0.0087,0.492;0.120;0.332;0.056,0.041;0.089;0.058;0.135
/home/realdhiru/Pictures/Wallpapers/ocean/pokemon-johto-region-map.jpg,ocean,sakura,none,0.4688,0.0480,349.96,0.5082,0.0000,0.1029,0.365;0.153;0.167;0.316,0.027;0.078;0.024;0.016
/home/realdhiru/Pictures/Wallpapers/ocean/rain-world-the-wall-clouds.jpg,ocean,monochrome,ocean,0.3663,0.0260,269.93,0.0842,0.2092,0.0000,0.211;0.246;0.302;0.241,0.010;0.018;0.031;0.024
/home/realdhiru/Pictures/Wallpapers/ocean/rainy-umbrella-street.jpg,ocean,ocean,none,0.4021,0.0523,263.40,0.6111,0.1432,0.0807,0.114;0.327;0.120;0.439,0.045;0.062;0.053;0.031
/home/realdhiru/Pictures/Wallpapers/ocean/retro-cyber-computer-synthwave.jpg,ocean,violet,ocean,0.3201,0.0287,286.23,0.1892,0.0000,0.0013,0.010;0.914;0.003;0.073,0.049;0.022;0.169;0.091
/home/realdhiru/Pictures/Wallpapers/ocean/rising-sun-cyber-mountains.png,ocean,synthwave,none,0.5295,0.0878,310.00,0.7478,0.2240,0.1489,0.434;0.286;0.120;0.160,0.093;0.030;0.036;0.196
/home/realdhiru/Pictures/Wallpapers/ocean/rolling-green-hills.jpg,ocean,nord,ocean,0.6158,0.0265,253.11,0.1385,0.0000,0.4023,0.483;0.289;0.158;0.069,0.029;0.009;0.042;0.039
/home/realdhiru/Pictures/Wallpapers/ocean/samurai-strike-ink.jpg,ocean,nord,none,0.4674,0.0397,244.04,0.5065,0.0612,0.0391,0.311;0.172;0.303;0.214,0.058;0.039;0.013;0.049
/home/realdhiru/Pictures/Wallpapers/ocean/sapphire-sky-cloudscape.png,ocean,nord,ocean,0.4103,0.0519,251.92,0.4722,0.0143,0.0330,0.456;0.135;0.183;0.226,0.021;0.093;0.088;0.050
/home/realdhiru/Pictures/Wallpapers/ocean/snow-covered-pine-woods.png,ocean,ocean,none,0.5147,0.0474,264.34,0.5764,0.0556,0.2114,0.418;0.171;0.169;0.242,0.046;0.016;0.043;0.057
/home/realdhiru/Pictures/Wallpapers/ocean/snowy-cabin-winter-night.png,ocean,nord,none,0.6630,0.0421,246.10,0.5590,0.0169,0.3850,0.248;0.230;0.153;0.369,0.057;0.021;0.051;0.042
/home/realdhiru/Pictures/Wallpapers/ocean/snowy-mountain-peaks.jpg,ocean,monochrome,none,0.5162,0.0210,264.27,0.0000,0.0634,0.2730,0.141;0.236;0.300;0.323,0.020;0.021;0.018;0.024
/home/realdhiru/Pictures/Wallpapers/ocean/solitary-cloud-blue-sky.jpg,ocean,nord,none,0.6044,0.1014,245.00,0.9909,0.0000,0.0122,0.262;0.175;0.221;0.342,0.114;0.074;0.119;0.094
/home/realdhiru/Pictures/Wallpapers/ocean/space-stars-planet.png,ocean,synthwave,none,0.5208,0.1132,295.97,1.0000,0.0009,0.0234,0.923;0.021;0.036;0.019,0.115;0.060;0.096;0.064
/home/realdhiru/Pictures/Wallpapers/ocean/synth-blue-digital-glow.png,ocean,nord,ocean,0.6557,0.1354,253.40,0.9970,0.0000,0.1723,0.348;0.135;0.296;0.221,0.151;0.060;0.163;0.113
/home/realdhiru/Pictures/Wallpapers/ocean/train-sideview.png,ocean,ocean,violet,0.3928,0.0318,285.06,0.0334,0.0981,0.0269,0.431;0.056;0.264;0.249,0.032;0.038;0.033;0.027
/home/realdhiru/Pictures/Wallpapers/ocean/twilight-cyber-grid-horizon.png,ocean,monochrome,none,0.3315,0.0218,279.98,0.1332,0.0000,0.0178,0.844;0.031;0.096;0.029,0.018;0.018;0.053;0.025
/home/realdhiru/Pictures/Wallpapers/ocean/violet-cyber-circuit-abstract.png,ocean,violet,none,0.3253,0.0621,290.58,0.9102,0.1241,0.0000,0.270;0.253;0.421;0.056,0.048;0.069;0.067;0.050
/home/realdhiru/Pictures/Wallpapers/ocean/waves-waviness-pattern.jpg,ocean,ocean,none,0.4253,0.0731,278.07,0.9818,0.0000,0.0039,0.329;0.079;0.339;0.253,0.078;0.049;0.076;0.066
/home/realdhiru/Pictures/Wallpapers/ocean/winding-coastal-road.jpg,ocean,nord,none,0.4772,0.0477,247.63,0.6576,0.0009,0.0430,0.243;0.089;0.398;0.270,0.036;0.040;0.049;0.057
/home/realdhiru/Pictures/Wallpapers/ocean/wp6124024.jpg,ocean,ocean,none,0.4322,0.0466,273.93,0.8459,0.0243,0.0087,0.352;0.183;0.306;0.159,0.050;0.041;0.046;0.042
/home/realdhiru/Pictures/Wallpapers/ocean/zelda-guardian-shrine.png,ocean,monochrome,none,0.3513,0.0179,255.09,0.0482,0.0000,0.0087,0.700;0.095;0.048;0.156,0.015;0.013;0.017;0.019
/home/realdhiru/Pictures/Wallpapers/sakura/aespa-giselle-pink-hair.jpg,sakura,sunset,sakura,0.5397,0.0573,355.37,0.5911,0.0321,0.1497,0.320;0.267;0.283;0.130,0.043;0.018;0.074;0.099
/home/realdhiru/Pictures/Wallpapers/sakura/be-productive-minimal.png,sakura,dark,none,0.3785,0.0351,256.79,0.2400,0.5434,0.1029,0.697;0.142;0.097;0.063,0.011;0.045;0.117;0.004
/home/realdhiru/Pictures/Wallpapers/sakura/berserk-guts-red.jpg,sakura,sunset,none,0.5085,0.1474,18.89,0.7826,0.1398,0.0629,0.729;0.146;0.066;0.058,0.194;0.004;0.037;0.033
/home/realdhiru/Pictures/Wallpapers/sakura/burning-cherry-blossom.jpg,sakura,crimson,none,0.3772,0.0506,9.28,0.5109,0.0386,0.0122,0.441;0.141;0.348;0.070,0.022;0.098;0.051;0.113
/home/realdhiru/Pictures/Wallpapers/sakura/colorful.png,sakura,sakura,none,0.4506,0.0453,326.95,0.3958,0.0000,0.0187,0.285;0.468;0.077;0.169,0.032;0.023;0.044;0.096
/home/realdhiru/Pictures/Wallpapers/sakura/cosmos-abstract-nebula.jpg,sakura,sakura,none,0.2662,0.0423,334.81,0.4536,0.4236,0.0000,0.369;0.214;0.072;0.346,0.036;0.037;0.046;0.037
/home/realdhiru/Pictures/Wallpapers/sakura/cowboy-bebop-spike-silhouette.png,sakura,monochrome,none,0.3401,0.0212,353.35,0.1979,0.3168,0.0087,0.225;0.395;0.101;0.279,0.027;0.001;0.125;0.007
/home/realdhiru/Pictures/Wallpapers/sakura/cyberpunk-neon-cityscape.png,sakura,gruvbox,sunset,0.4351,0.0333,22.93,0.3095,0.1059,0.0525,0.289;0.204;0.300;0.207,0.009;0.076;0.014;0.036
/home/realdhiru/Pictures/Wallpapers/sakura/fangpeii-landscape-sunset.jpg,sakura,sakura,none,0.6321,0.1427,325.96,1.0000,0.0000,0.0655,0.321;0.206;0.233;0.240,0.141;0.120;0.139;0.157
/home/realdhiru/Pictures/Wallpapers/sakura/forest-castlevania.png,sakura,dark,none,0.3201,0.0542,356.45,0.3880,0.5365,0.0000,0.093;0.245;0.232;0.430,0.063;0.027;0.119;0.030
/home/realdhiru/Pictures/Wallpapers/sakura/golden-hour-coastal-sunset-sea.jpg,sakura,sakura,none,0.2951,0.0588,344.95,0.6606,0.3767,0.0009,0.200;0.254;0.428;0.117,0.083;0.026;0.041;0.128
/home/realdhiru/Pictures/Wallpapers/sakura/hollow-knight-silksong-crimson-glow-3840x2160.jpg,sakura,sunset,none,0.5955,0.1393,12.35,0.8260,0.0009,0.1884,0.189;0.578;0.171;0.062,0.027;0.187;0.103;0.124
/home/realdhiru/Pictures/Wallpapers/sakura/mountain-dragon-pink-sky.jpg,sakura,sakura,crimson,0.4914,0.1042,352.73,1.0000,0.1944,0.1194,0.215;0.224;0.260;0.300,0.091;0.053;0.143;0.118
/home/realdhiru/Pictures/Wallpapers/sakura/nature-landscape-trees.png,sakura,sakura,none,0.4146,0.0552,326.90,0.6458,0.2205,0.0664,0.134;0.323;0.293;0.250,0.074;0.025;0.044;0.054
/home/realdhiru/Pictures/Wallpapers/sakura/pearl-dark-abstract.jpg,sakura,sakura,violet,0.3627,0.0727,321.28,0.9705,0.4188,0.0000,0.421;0.280;0.127;0.172,0.051;0.076;0.120;0.076
/home/realdhiru/Pictures/Wallpapers/sakura/photography-infrared-colorful.jpg,sakura,sakura,sunset,0.6401,0.0553,353.83,0.4614,0.0000,0.2161,0.178;0.212;0.422;0.188,0.063;0.110;0.032;0.030
/home/realdhiru/Pictures/Wallpapers/sakura/pixel-coastal-suburb-sunset.jpg,sakura,sakura,none,0.5050,0.0520,346.14,0.5807,0.2309,0.2079,0.330;0.264;0.208;0.197,0.022;0.075;0.067;0.043
/home/realdhiru/Pictures/Wallpapers/sakura/pixel-sunset-lake-reflection.jpg,sakura,sakura,none,0.4777,0.0840,346.41,0.7747,0.2448,0.0026,0.125;0.312;0.324;0.238,0.064;0.087;0.034;0.146
/home/realdhiru/Pictures/Wallpapers/sakura/sekiro-senpou-temple-autumn.png,sakura,sakura,none,0.4753,0.0520,342.53,0.5217,0.3793,0.3099,0.304;0.449;0.101;0.146,0.033;0.036;0.081;0.074
/home/realdhiru/Pictures/Wallpapers/sakura/sun-garden-temple.png,sakura,sakura,none,0.5998,0.0530,330.28,0.5903,0.0000,0.1484,0.173;0.294;0.420;0.113,0.095;0.032;0.049;0.035
/home/realdhiru/Pictures/Wallpapers/sakura/torii-gate-island-shrine.jpg,sakura,violet,none,0.4535,0.0342,302.68,0.3668,0.1211,0.1046,0.142;0.266;0.281;0.311,0.026;0.016;0.028;0.003
/home/realdhiru/Pictures/Wallpapers/sunset/anime-girl-skull-pink.jpg,sunset,gruvbox,none,0.4796,0.0390,56.78,0.2726,0.0000,0.1467,0.410;0.229;0.237;0.125,0.022;0.032;0.039;0.014
/home/realdhiru/Pictures/Wallpapers/sunset/anime-inosakura-scenery.png,sunset,gruvbox,none,0.3912,0.0623,64.45,0.3229,0.2834,0.0009,0.419;0.285;0.200;0.095,0.028;0.020;0.176;0.080
/home/realdhiru/Pictures/Wallpapers/sunset/dio-brando-jojo.jpg,sunset,sunset,gruvbox,0.5966,0.0778,52.91,0.9288,0.0000,0.2999,0.283;0.287;0.270;0.160,0.069;0.071;0.088;0.083
/home/realdhiru/Pictures/Wallpapers/sunset/elden-ring-malenia-vs-radahn.jpg,sunset,sunset,gruvbox,0.4673,0.0777,52.69,0.7661,0.1267,0.1506,0.397;0.141;0.248;0.214,0.037;0.098;0.083;0.130
/home/realdhiru/Pictures/Wallpapers/sunset/fluffy-clouds-sunset.png,sunset,sunset,none,0.6347,0.1141,31.32,0.9670,0.0964,0.3950,0.249;0.217;0.379;0.155,0.028;0.125;0.147;0.062
/home/realdhiru/Pictures/Wallpapers/sunset/form-light-abstraction.jpg,sunset,sunset,none,0.6831,0.1518,38.91,1.0000,0.0000,0.3997,0.195;0.405;0.306;0.095,0.122;0.188;0.128;0.118
/home/realdhiru/Pictures/Wallpapers/sunset/hornet-silksong-character-art-ofwnic0w2agbf3o2.jpg,sunset,sunset,synthwave,0.3754,0.0511,19.23,0.2496,0.5039,0.1424,0.536;0.176;0.154;0.134,0.009;0.176;0.020;0.066
/home/realdhiru/Pictures/Wallpapers/sunset/spacecraft-orbit-planet.jpg,sunset,synthwave,none,0.3046,0.0538,35.72,0.4253,0.6306,0.1029,0.636;0.125;0.115;0.123,0.014;0.093;0.166;0.111
/home/realdhiru/Pictures/Wallpapers/sunset/tanaka-hirotaka-anime-anime-girls.jpg,sunset,emerald,none,0.5797,0.0876,132.99,0.8207,0.0139,0.3168,0.286;0.308;0.176;0.231,0.057;0.154;0.041;0.054
/home/realdhiru/Pictures/Wallpapers/sunset/theprotagonists-railing-iron-railing.jpg,sunset,sunset,sakura,0.4902,0.0484,356.75,0.5603,0.0004,0.0486,0.448;0.322;0.052;0.178,0.036;0.019;0.087;0.085
/home/realdhiru/Pictures/Wallpapers/sunset/warm-crimson-clay-abstract.png,sunset,sunset,none,0.5806,0.0723,38.59,0.9167,0.0000,0.0885,0.297;0.232;0.175;0.295,0.075;0.052;0.100;0.067
/home/realdhiru/Pictures/Wallpapers/sunset/washiya0-anime-girls-katana.jpg,sunset,gruvbox,sunset,0.4260,0.0509,40.58,0.6276,0.0065,0.0056,0.247;0.255;0.201;0.296,0.031;0.047;0.011;0.077
/home/realdhiru/Pictures/Wallpapers/sunset/windows-11-bloom-light.jpg,sunset,sunset,none,0.6610,0.0980,43.95,0.9961,0.0169,0.3095,0.406;0.217;0.021;0.356,0.071;0.125;0.055;0.091
/home/realdhiru/Pictures/Wallpapers/synthwave/audio-bunny.png,synthwave,synthwave,none,0.3611,0.0473,294.50,0.3173,0.0000,0.0000,0.693;0.043;0.065;0.200,0.025;0.193;0.138;0.064
/home/realdhiru/Pictures/Wallpapers/synthwave/bubbles-water-purple.jpg,synthwave,synthwave,sakura,0.5876,0.1814,317.55,1.0000,0.0056,0.1285,0.154;0.187;0.322;0.337,0.112;0.170;0.200;0.199
/home/realdhiru/Pictures/Wallpapers/synthwave/cowboy-bebop-spike-spiegel.png,synthwave,sakura,synthwave,0.3157,0.1021,320.47,0.9609,0.3989,0.0169,0.398;0.208;0.099;0.295,0.078;0.133;0.109;0.105
/home/realdhiru/Pictures/Wallpapers/synthwave/crimson-sunset-sea.jpg,synthwave,crimson,none,0.3327,0.0888,2.06,0.6862,0.1962,0.0000,0.415;0.148;0.325;0.112,0.032;0.151;0.078;0.222
/home/realdhiru/Pictures/Wallpapers/synthwave/dfrohy3-5f12ff02-f76d-4b85-ba6b-bf0bea020c52.jpg,synthwave,synthwave,none,0.5461,0.1269,296.48,0.9592,0.0833,0.1710,0.373;0.312;0.134;0.181,0.161;0.116;0.055;0.093
/home/realdhiru/Pictures/Wallpapers/synthwave/firewatch-sunset-valley.jpg,synthwave,sakura,none,0.3017,0.0780,324.95,0.8624,0.3082,0.0000,0.045;0.516;0.296;0.143,0.164;0.046;0.089;0.116
/home/realdhiru/Pictures/Wallpapers/synthwave/jujutsu-kaisen-yuji-itadori-kanji.png,synthwave,sunset,none,0.4209,0.1547,23.82,0.9826,0.0256,0.0000,0.909;0.027;0.034;0.030,0.162;0.034;0.091;0.128
/home/realdhiru/Pictures/Wallpapers/synthwave/purple-snowy-pine-forest.png,synthwave,synthwave,none,0.3200,0.1302,295.72,0.9896,0.4332,0.0135,0.417;0.265;0.077;0.241,0.084;0.141;0.137;0.190
/home/realdhiru/Pictures/Wallpapers/synthwave/red-fox-snowy-woods.jpg,synthwave,synthwave,none,0.6591,0.0731,304.91,0.8077,0.0000,0.3576,0.340;0.273;0.158;0.229,0.055;0.098;0.070;0.035
/home/realdhiru/Pictures/Wallpapers/synthwave/wp2200981.jpg,synthwave,sakura,none,0.4032,0.0754,347.34,0.6424,0.2917,0.0608,0.287;0.227;0.298;0.188,0.002;0.063;0.013;0.116
/home/realdhiru/Pictures/Wallpapers/videos/cracked-screen-cat.mp4,videos,ocean,nord,0.5393,0.0516,257.04,0.7344,0.0061,0.0104,0.359;0.272;0.359;0.009,0.069;0.020;0.051;0.006
/home/realdhiru/Pictures/Wallpapers/videos/goth-anime-girl-monochrome.mp4,videos,dark,none,0.2332,0.0001,104.75,0.0000,0.5230,0.0122,0.379;0.339;0.266;0.016,0.000;0.000;0.000;0.000
/home/realdhiru/Pictures/Wallpapers/videos/matrix-digital-rain.mp4,videos,dark,none,0.2039,0.0343,145.24,0.3203,0.7539,0.0000,0.271;0.097;0.368;0.265,0.020;0.062;0.030;0.044
/home/realdhiru/Pictures/Wallpapers/videos/minecraft-overgrown-cabin.mp4,videos,gruvbox,none,0.2637,0.0395,88.89,0.4392,0.4336,0.0043,0.167;0.378;0.026;0.429,0.051;0.019;0.047;0.034
/home/realdhiru/Pictures/Wallpapers/videos/purple-anime-eyes.mp4,videos,synthwave,none,0.2457,0.0669,295.63,0.4970,0.5916,0.0347,0.167;0.197;0.486;0.150,0.072;0.155;0.005;0.141
